Timestamp,Email Address,Ile Pan/Pani ma lat?,Kim Pan/Pani jest?,Jak długo Pan/Pani mieszka w Krakowie?,Czy korzysta Pan/Pani komunikacją miejską?,Z jakiego rodzaju transportu publicznego Pan/Pani korzysta najczęściej?,Jak często Pan/Pani korzysta transportu publicznego?,Ile czasu dziennie Pan/Pani spędza podróżując transportem? ,Do jakiej dzielnicy Pan/Pani jeździ najczęściej?,Dokąd Pan/Pani jeździ transportem?,Ile przesiadek  Pan/Pani robi podczas podróży?,Do jakiego rodzaju transportu Pan/Pani przesiada najcięściej?,Jak często Pan/Pani stoi w korkach? ,"Z jakich alternatyw transportu publicznego Pan/Pani korzysta, kiedy nie może skorzystać komunikacją miejską?",Co dla Pana/Pani jest ważniejsze podczas podróży?,Czy korzysta Pan/Pani mobilnymi dodatkami dla śledzenia rozkładu jazdy komunikacji miejskiej?,Czy zawsze transport przybywa zgodnie z rozkładem?,"Jeżeli nie, to na ile w średnim spóźnia się?",Czy kiedykolwiek Pan/Pani musiał/-a czekać na transport publiczny który nigdy nie przyjechał?,"Jeżeli tak, to co Pan/Pani robił/-a w takim wypadku?",Czy Pan/Pani korzysta biletem miesięcznym?,"Czy Pan/Pani popiera inicjatywy dające pierwszeństwo transportowi publicznemu przed samochodem osobowym? (Zwężenie dróg, ulice tramwajowo-piesze itp.)",Jak efektywny jest transport hulajnóg i rowerów w mieście?,Czy infrastruktura hulajnog i rowerowa wymaga rozbudowy?,"Gdyby od jutra transport publiczny był bezpłatny, Pan/Pani zacząłby z niego częściej korzystać?",Jak Pan/Pani jest zadowolony z komunikacji miejskiej?
04/12/2023 11:16,,18-26,Panem,< 1 roku,Tak,Tramwaj,Więcej niż 4 razy w dzień,Do 30 min,Krowodrza,Do uczelni,0,,Rzadko,Pieszo,Komfort pojazdu,Tak,Tak,Nie spóźnia się,Nie,,Nie,Tak,Efektywny,Tak,Tak,8
04/12/2023 11:19,,18-26,Panem,1 - 5 łat,Tak,Autobus,2-4 razy w dzień,Około godziny,Stare Miasto,Do uczelni,0,Autobus,Rzadko,Pieszo,Ilość przesiadek,Tak,Tak,Nie spóźnia się,Tak,,Tak,Nie,Efektywny,Tak,Nie. Używam go bardzo często,8
04/12/2023 11:38,,18-26,Nie wiem,1 - 5 łat,Tak,Tramwaj,2-4 razy w dzień,Do 30 min,Stare Miasto,Do uczelni,0,Autobus,Rzadko,Pieszo,Ilość przesiadek,Tak,Nie,< 5 min,Tak,Czekam,Tak,Tak,Efektywny,Nie,Tak,8
04/12/2023 11:38,,<18,Panem,1 - 5 łat,Tak,Autobus,2-4 razy w dzień,Około godziny,Stare Miasto,Do uczelni,0,Inne,Często,Pieszo,Czas podróży,Tak,Nie,< 5 min,Tak,Proszę napisać:,Tak,Tak,Efektywny,Tak,Nie. Używam go bardzo często,8
04/12/2023 11:41,,<18,Panią,1 - 5 łat,Tak,Tramwaj,2 razy w dzień,Do 30 min,Stare Miasto,Do uczelni,0,Tramwaj,Rzadko,Pieszo,Ilość przesiadek,Tak,Nie,< 5 min,Tak,"Krzyczę:""kurwa""",Tak,Nie,Efektywny,Tak,Nie. Używam go bardzo często,7
04/12/2023 11:43,,18-26,Panią,1 - 5 łat,Tak,Autobus,2 razy w dzień,Do 30 min,Stare Miasto,Do uczelni,0,Inne,Rzadko,Pieszo,Czas podróży,Tak,Nie,> 5 min,Tak,,Tak,Tak,Efektywny,Tak,Tak,8
04/12/2023 12:02,,<18,Nie wiem,5+ łat,Tak,Tramwaj,Kilka raz na tydzień,Mnie niż 15 min,Stare Miasto,Do pracy,1,Inne,Często,Pieszo,Ilość przesiadek,Nie,Nie,Nie spóźnia się,Tak,Proszę napisać:,Tak,Tak,Nie efektywny,Tak,Tak,5
04/12/2023 12:02,,<18,Nie wiem,< 1 roku,Nie(Pan/Pani może skończyć test),Tramwaj,Kilka raz na tydzień,Więcej niż godzinu,Stare Miasto,Inne,2,Tramwaj,Często,Taksówka,Czas podróży,Nie,Tak,Nie spóźnia się,Tak,Proszę napisać:,Tak,Tak,Nie efektywny,Nie,Tak,1
04/12/2023 12:16,,18-26,Panią,1 - 5 łat,Tak,Tramwaj,2 razy w dzień,Do 30 min,Stare Miasto,Do uczelni,0,Inne,Rzadko,Pieszo,Czas podróży,Tak,Nie,< 5 min,Tak,czekam,Tak,Tak,Efektywny,Tak,Nie. Używam go bardzo często,8
04/12/2023 12:19,,<18,Panem,1 - 5 łat,Tak,Autobus,2 razy w dzień,Do 30 min,,Do uczelni,1,Autobus,Często,Pieszo,Czas podróży,Tak,Tak,Nie spóźnia się,Nie,,Tak,Tak,Efektywny,Tak,Tak,7
04/12/2023 12:24,,<18,Panią,< 1 roku,Tak,Tramwaj,2 razy w dzień,Około godziny,Stare Miasto,Do uczelni,0,Autobus,Rzadko,Pieszo,Komfort pojazdu,Tak,Nie,> 5 min,Tak,Czekałam,Tak,Tak,Efektywny,Nie,Nie. Używam go bardzo często,7
04/12/2023 12:54,,18-26,Panem,1 - 5 łat,Tak,Tramwaj,2-4 razy w dzień,Do 30 min,Stare Miasto,"Do uczelni,Inne",1,Tramwaj,Rzadko,Rower,Komfort pojazdu,Tak,Nie,< 5 min,Tak,Idę na piechotę,Tak,Tak,Efektywny,Tak,Nie. Używam go bardzo często,7
04/12/2023 14:31,,18-26,Panem,< 1 roku,Tak,Tramwaj,2-4 razy w dzień,Do 30 min,Stare Miasto,"Do uczelni,Na zakupy,Inne",1,Autobus,Nigdy,Taksówka,Ilość przesiadek,Tak,Nie,> 5 min,Nie,,Tak,Nie,Nie wiem bo nie jeżdżę tym,Nie,Nie. Używam go bardzo często,9
04/12/2023 14:38,,<18,Panem,< 1 roku,Tak,Autobus,2 razy w dzień,Do 30 min,Stare Miasto,Do uczelni,1,,Rzadko,Taksówka,Czas podróży,Tak,Nie,< 5 min,Nie,,Tak,Nie,Efektywny,Nie,Nie. Używam go bardzo często,8
04/12/2023 14:59,,18-26,Panem,1 - 5 łat,Tak,Tramwaj,2-4 razy w dzień,Około godziny,Stare Miasto,Do uczelni,1,,Rzadko,Pieszo,Czas podróży,Tak,Nie,> 5 min,Tak,czekalem na nastepny autobus,Tak,Nie,Nie wiem bo nie jeżdżę tym,Nie,Tak,5
04/12/2023 15:30,,<18,Panem,< 1 roku,Tak,Tramwaj,2-4 razy w dzień,Około godziny,Nowa Huta,"Do uczelni,Na zakupy",1,Autobus,Rzadko,Pieszo,Czas podróży,Tak,Nie,< 5 min,Tak,Czekałem na następny,Tak,Tak,Nie wiem bo nie jeżdżę tym,Tak,Nie. Używam go bardzo często,7
04/12/2023 15:43,,18-26,Panem,< 1 roku,Tak,Autobus,2-4 razy w dzień,Do 30 min,Bronowice,"Do uczelni,Na zakupy",1,Autobus,Często,Taksówka,Komfort pojazdu,Tak,Nie,> 5 min,Tak,siadł w tank,Tak,Tak,Nie wiem bo nie jeżdżę tym,Tak,Nie. Używam go bardzo często,5
04/12/2023 16:49,,18-26,Panią,5+ łat,Tak,Tramwaj,Kilka raz na tydzień,Około godziny,,Inne,2,Autobus,Rzadko,Taksówka,Czas podróży,Nie,Nie,< 5 min,Nie,,Nie,Tak,Nie wiem bo nie jeżdżę tym,Tak,Nie. Używam go bardzo często,8
04/12/2023 21:53,,18-26,Panem,< 1 roku,Tak,Tramwaj,Kilka raz na tydzień,Około godziny,Grzegórzkie,Inne,1,Tramwaj,Często,Taksówka,Ilość przesiadek,Nie,Nie,< 5 min,Nie,,Nie,Nie,Nie wiem bo nie jeżdżę tym,Nie,Nie. Używam go bardzo często,8
04/12/2023 21:53,,18-26,Panią,< 1 roku,Tak,Tramwaj,Kilka raz na miesiąc,Do 30 min,Stare Miasto,"Na zakupy,Inne",0,,Rzadko,Taksówka,Czas podróży,Tak,Nie,< 5 min,Nie,,Nie,Tak,Efektywny,Tak,Tak,8
04/12/2023 21:54,,18-26,Panią,< 1 roku,Tak,Tramwaj,Kilka raz na miesiąc,Do 30 min,Stare Miasto,Inne,0,Autobus,Rzadko,Taksówka,Komfort pojazdu,Tak,Nie,< 5 min,Nie,,Nie,Tak,Nie wiem bo nie jeżdżę tym,Nie,Tak,8
04/12/2023 21:59,,18-26,Panem,1 - 5 łat,Tak,Tramwaj,Więcej niż 4 razy w dzień,Do 30 min,Stare Miasto,"Do uczelni,Inne",0,Autobus,Rzadko,Pieszo,Komfort pojazdu,Tak,Nie,< 5 min,Tak,Taksówka,Tak,Tak,Efektywny,Tak,Nie. Używam go bardzo często,9
04/12/2023 22:02,,65+,Nie wiem,5+ łat,Tak,Tramwaj,Więcej niż 4 razy w dzień,Około godziny,Nowa Huta,"Do uczelni,Do pracy,Na zakupy,Inne",3+,Autobus,Bardzo często,Taksówka,Komfort pojazdu,Nie,Nie,> 5 min,Tak,Odpierdoliłem kierowce,Tak,Nie,Nie efektywny,Nie,Nie. Używam go bardzo często,1
04/12/2023 22:03,,18-26,Panią,1 - 5 łat,Tak,Autobus,2-4 razy w dzień,Około godziny,Stare Miasto,"Na zakupy,Inne",0,,Często,Taksówka,Ilość przesiadek,Tak,Nie,> 5 min,Nie,,Tak,Tak,Nie wiem bo nie jeżdżę tym,Nie,Nie. Używam go bardzo często,7
04/12/2023 22:04,,18-26,Panią,< 1 roku,Tak,Tramwaj,Kilka raz na miesiąc,Około godziny,Stare Miasto,Na zakupy,1,Autobus,Rzadko,Taksówka,Czas podróży,Tak,Nie,< 5 min,Nie,,Nie,Tak,Efektywny,Tak,Tak,8
04/12/2023 22:07,,18-26,Panią,1 - 5 łat,Tak,Tramwaj,Więcej niż 4 razy w dzień,Więcej niż godzina,Bronowice,"Do uczelni,Na zakupy,Inne",1,Tramwaj,Często,Pieszo,Ilość przesiadek,Tak,Nie,> 5 min,Tak,,Tak,Tak,Efektywny,Tak,Tak,7
04/12/2023 22:12,,<18,Panią,< 1 roku,Tak,Autobus,Kilka raz na tydzień,Do 30 min,Stare Miasto,Do uczelni,0,Tramwaj,Rzadko,Taksówka,Cena,Tak,Nie,< 5 min,Nie,,Tak,Tak,Efektywny,Nie,Tak,7
04/12/2023 22:18,,18-26,Panem,< 1 roku,Tak,Tramwaj,2-4 razy w dzień,Do 30 min,Grzegórzkie,"Do uczelni,Na zakupy",1,Autobus,Często,Taksówka,Ilość przesiadek,Tak,Nie,> 5 min,Tak,,Tak,Tak,Nie efektywny,Nie,Nie. Używam go bardzo często,7
04/12/2023 22:20,,18-26,Panią,< 1 roku,Tak,Autobus,2-4 razy w dzień,Więcej niż godzina,Stare Miasto,Do uczelni,1,Tramwaj,Rzadko,Hulajnoga,Czas podróży,Tak,Nie,< 5 min,Tak,,Nie,Nie,Bardzo efektywny,Nie,Nie. Używam go bardzo często,8
04/12/2023 22:27,,18-26,Panią,< 1 roku,Tak,Tramwaj,Kilka raz na tydzień,Do 30 min,Stare Miasto,Na zakupy,0,,Rzadko,Taksówka,Czas podróży,Tak,Nie,< 5 min,Tak,paliłam,Nie,Nie,Nie wiem bo nie jeżdżę tym,Nie,Tak,7
04/12/2023 22:34,,<18,Panią,< 1 roku,Tak,Tramwaj,Kilka raz na tydzień,Do 30 min,Stare Miasto,"Na zakupy,Inne",0,Autobus,Rzadko,Pieszo,Czas podróży,Tak,Nie,< 5 min,Nie,,Nie,Tak,Efektywny,Tak,Tak,8
04/12/2023 23:25,,18-26,Panią,< 1 roku,Tak,Tramwaj,Kilka raz na tydzień,Około godziny,Stare Miasto,"Na zakupy,Inne",0,,Często,Rower,Cena,Tak,Tak,< 5 min,Nie,,Nie,Nie,Efektywny,Tak,Nie. Używam go bardzo często,7
04/12/2023 23:37,,18-26,Panią,1 - 5 łat,Tak,Tramwaj,Kilka raz na tydzień,Mniej niż 15 min,Stare Miasto,Na zakupy,0,Tramwaj,Rzadko,Pieszo,Ilość przesiadek,Tak,Nie,< 5 min,Tak,nic :( to życie niestety,Nie,Tak,Nie wiem bo nie jeżdżę tym,Tak,Tak,7
4/13/2023 9:43:09,,<18,Panią,< 1 roku,Tak,Autobus,Kilka raz na miesiąc,Do 30 min,Stare Miasto,"Na zakupy,Inne",0,Autobus,Rzadko,Taksówka,Ilość przesiadek,Tak,Nie,< 5 min,Nie,,Nie,Tak,Nie wiem bo nie jeżdżę tym,Tak,Tak,8
4/14/2023 18:06:49,,18-26,Panem,1 - 5 łat,Tak,Tramwaj,2 razy w dzień,Około godziny,Stare Miasto,Do pracy,0,,Rzadko,Rower,Ilość przesiadek,Tak,Nie,> 5 min,Nie,,Nie,Tak,Nie efektywny,Tak,Tak,7
4/14/2023 20:30:14,,18-26,Panem,1 - 5 łat,Tak,Tramwaj,2 razy w dzień,Około godziny,Grzegórzkie,"Do uczelni,Na zakupy",0,,Nigdy,Pieszo,Ilość przesiadek,Nie,Tak,Nie spóźnia się,Nie,,Tak,Nie,Nie wiem bo nie jeżdżę tym,Tak,Nie. Używam go bardzo często,10
4/14/2023 20:42:58,,18-26,Panem,< 1 roku,Tak,Tramwaj,Więcej niż 4 razy w dzień,Do 30 min,Dębniki,"Do uczelni,Na zakupy",1,Tramwaj,Często,Hulajnoga,Czas podróży,Tak,Nie,< 5 min,Tak,Czekałem na następny autobus i przeklinałem KMK,Tak,Tak,Efektywny,Tak,Nie. Używam go bardzo często,4
4/14/2023 20:51:50,,18-26,Panem,1 - 5 łat,Tak,Tramwaj,Kilka raz na tydzień,Do 30 min,Dębniki,"Do uczelni,Do pracy",1,Autobus,Nigdy,Pieszo,Cena,Nie,Tak,Nie spóźnia się,Nie,,Tak,Tak,Efektywny,Tak,Tak,9
4/14/2023 21:42:05,,<18,Nie wiem,1 - 5 łat,Tak,Autobus,Kilka raz na tydzień,Do 30 min,Stare Miasto,Do uczelni,1,Autobus,Często,Pieszo,Czas podróży,Tak,Tak,< 5 min,Nie,,Tak,Tak,Efektywny,Tak,Tak,8
4/15/2023 0:03:58,,<18,Panią,,Tak,Tramwaj,Kilka raz na tydzień,Około godziny,Stare Miasto,"Na zakupy,Inne,Na spacer",0,Autobus,Często,Pieszo,Czas podróży,Tak,Tak,Nie spóźnia się,Nie,,Tak,Tak,Nie wiem bo nie jeżdżę tym,Tak,Tak,10
4/15/2023 0:43:06,,<18,Panią,1 - 5 łat,Tak,Tramwaj,2-4 razy w dzień,Około godziny,Bronowice,Na spacer,0,Autobus,Rzadko,Pieszo,Czas podróży,Tak,Nie,< 5 min,Tak,czekałam na inny transport,Nie,Tak,Nie wiem bo nie jeżdżę tym,Nie,Nie. Używam go bardzo często,7
4/15/2023 1:04:47,,27-65,Panem,1 - 5 łat,Tak,Autobus,2 razy w dzień,Około godziny,Dębniki,"Do uczelni,Do pracy,Na zakupy",0,,Rzadko,Rower,Ilość przesiadek,Nie,Tak,Nie spóźnia się,Tak,,Nie,Tak,Efektywny,Tak,Tak,10
4/15/2023 8:02:34,,18-26,Panem,1 - 5 łat,Tak,Tramwaj,Więcej niż 4 razy w dzień,Do 30 min,Stare Miasto,Inne,1,Tramwaj,Rzadko,Pieszo,Komfort pojazdu,Tak,Nie,< 5 min,Tak,,Tak,Tak,Nie wiem bo nie jeżdżę tym,Nie,Tak,8
4/15/2023 12:42:19,,27-65,Panem,< 1 roku,Tak,Tramwaj,2 razy w dzień,Do 30 min,Stare Miasto,Inne,0,,Nigdy,Pieszo,Komfort pojazdu,Tak,Tak,Nie spóźnia się,Nie,,Nie,Tak,Nie wiem bo nie jeżdżę tym,Tak,Nie. Używam go bardzo często,8
4/15/2023 12:58:39,,18-26,Panią,1 - 5 łat,Tak,Tramwaj,2-4 razy w dzień,Około godziny,Stare Miasto,Do uczelni,0,,Rzadko,Taksówka,Czas podróży,Tak,Tak,Nie spóźnia się,Tak,,Nie,Tak,Nie wiem bo nie jeżdżę tym,Tak,Nie. Używam go bardzo często,8
4/15/2023 12:58:39,,27-65,Panią,< 1 roku,Tak,Tramwaj,Kilka raz na tydzień,Do 30 min,Stare Miasto,"Do pracy,Na zakupy,Inne",1,Tramwaj,Rzadko,Taksówka,Czas podróży,Tak,Nie,< 5 min,Nie,,Nie,Nie,Bardzo efektywny,Nie,Tak,9
4/15/2023 15:43:12,,18-26,Panią,1 - 5 łat,Tak,Tramwaj,Kilka raz na tydzień,Do 30 min,Stare Miasto,Na zakupy,0,Autobus,Rzadko,Pieszo,Ilość przesiadek,Tak,Nie,< 5 min,Tak,jechałam z przesiadkami,Nie,Nie,Bardzo efektywny,Tak,Tak,7
4/15/2023 16:12:45,,18-26,Panem,1 - 5 łat,Tak,Tramwaj,2-4 razy w dzień,Do 30 min,Stare Miasto,Do uczelni,0,,Nigdy,Hulajnoga,Komfort pojazdu,Nie,Tak,Nie spóźnia się,Nie,,Tak,Tak,Bardzo efektywny,Tak,Nie. Używam go bardzo często,8
4/16/2023 13:06:20,,27-65,Panem,< 1 roku,Tak,Tramwaj,2 razy w dzień,Do 30 min,Stare Miasto,Inne,0,,Nigdy,Pieszo,Komfort pojazdu,Tak,Tak,Nie spóźnia się,Nie,,Nie,Tak,Efektywny,Tak,Nie. Używam go bardzo często,8
05/10/2023 21:57,,<18,Panem,,Tak,Tramwaj,Kilka raz na tydzień,Do 30 min,Stare Miasto,"Do uczelni,Na zakupy",0,,Rzadko,Pieszo,Cena,Tak,Tak,,,,,,,,,9
5/13/2023 14:26:38,,27-65,Panem,5+ łat,Tak,Tramwaj,2 razy w dzień,Do 30 min,Stare Miasto,"Do pracy,Na zakupy",0,,Rzadko,Taksówka,Komfort pojazdu,Tak,Tak,Nie spóźnia się,Nie,,Tak,Tak,Nie efektywny,Tak,Tak,9
5/13/2023 14:27:32,,18-26,Panią,< 1 roku,Nie(Pan/Pani może skończyć test),,,,,,,,,,,,,,,,,,,,,
5/13/2023 14:32:16,,18-26,Panią,1 - 5 łat,Tak,Tramwaj,2-4 razy w dzień,Mniej niż 15 min,Podgórze,Do pracy,0,Autobus,Nigdy,Pieszo,Czas podróży,Tak,Nie,< 5 min,Nie,,Nie,Tak,Efektywny,Tak,Nie. Używam go bardzo często,10
5/13/2023 14:36:31,,18-26,Panem,5+ łat,Tak,Autobus,2 razy w dzień,Około godziny,Stare Miasto,"Do uczelni,Do pracy,Na zakupy,Inne",1,Tramwaj,Często,Hulajnoga,Komfort pojazdu,Nie,Nie,< 5 min,Tak,,Tak,Tak,Bardzo efektywny,Tak,Tak,7
5/13/2023 14:41:03,,27-65,Panem,5+ łat,Tak,Tramwaj,Kilka raz na miesiąc,Około godziny,Nowa Huta,"Inne,Do rodziny",1,Autobus,Rzadko,Pieszo,Cena,Nie,Tak,Nie spóźnia się,Nie,,Nie,Nie,Nie wiem bo nie jeżdżę tym,Nie,Tak,8
5/13/2023 14:45:17,,<18,Panią,< 1 roku,Tak,Autobus,2 razy w dzień,Mniej niż 15 min,Dębniki,Do uczelni,0,,Nigdy,Rower,Cena,Nie,Tak,Nie spóźnia się,Nie,,Nie,Tak,Nie wiem bo nie jeżdżę tym,Tak,Nie. Używam go bardzo często,10
5/13/2023 14:46:49,,65+,Panem,5+ łat,Nie(Pan/Pani może skończyć test),,,,,,,,,,,,,,,,,,,,,
5/13/2023 14:50:56,,18-26,Panem,< 1 roku,Tak,Tramwaj,2-4 razy w dzień,Około godziny,Podgórze,"Do uczelni,Do pracy",1,Autobus,Często,Rower,Komfort pojazdu,Tak,Tak,Nie spóźnia się,Tak,Wziął rower,Tak,Tak,Efektywny,Tak,Nie. Używam go bardzo często,9
5/13/2023 14:53:57,,18-26,Panią,1 - 5 łat,Tak,Tramwaj,Kilka raz na tydzień,Do 30 min,Nowa Huta,"Na zakupy,Na spacer",0,,Nigdy,Taksówka,Czas podróży,Nie,Nie,> 5 min,Tak,,Nie,Tak,Bardzo efektywny,Tak,Tak,10
5/13/2023 15:07:16,,18-26,Panem,1 - 5 łat,Tak,Tramwaj,2 razy w dzień,Do 30 min,Stare Miasto,"Do pracy,Na zakupy,Inne",0,,Często,Pieszo,Czas podróży,Tak,Tak,Nie spóźnia się,Nie,,Tak,Tak,Bardzo efektywny,Tak,Nie. Używam go bardzo często,7
5/13/2023 15:11:21,,<18,Panią,1 - 5 łat,Tak,Tramwaj,2 razy w dzień,Do 30 min,Grzegórzkie,Do uczelni,0,Inne,Rzadko,Taksówka,Czas podróży,Tak,Tak,Nie spóźnia się,Tak,,Nie,Tak,Nie wiem bo nie jeżdżę tym,Tak,Tak,10
5/13/2023 15:21:57,,27-65,Panem,5+ łat,Tak,Autobus,,Do 30 min,Stare Miasto,"Do pracy,Na zakupy",1,Autobus,Rzadko,Rower,Czas podróży,Tak,Tak,Nie spóźnia się,Tak,,Nie,Tak,Bardzo efektywny,Tak,Tak,7
5/13/2023 15:23:30,,18-26,Panią,< 1 roku,Tak,Tramwaj,Więcej niż 4 razy w dzień,Więcej niż godzina,Balice,Do pracy,2,Inne,Rzadko,Rower,Cena,Tak,Tak,Nie spóźnia się,Tak,,Tak,Tak,Efektywny,Tak,Nie. Używam go bardzo często,6
5/13/2023 21:29:04,,18-26,Panem,5+ łat,Tak,Autobus,Kilka raz na tydzień,Do 30 min,Podgórze,"Do uczelni,Do pracy",0,,Rzadko,Rower,Czas podróży,Tak,Tak,Nie spóźnia się,Tak,,Tak,Tak,Bardzo efektywny,Tak,Tak,10
5/13/2023 21:30:41,,18-26,Panią,1 - 5 łat,Tak,Tramwaj,2-4 razy w dzień,Około godziny,Podgórze,"Do pracy,Na zakupy,Inne",0,Autobus,Nigdy,Taksówka,Czas podróży,Tak,Tak,Nie spóźnia się,Tak,,Tak,Tak,Efektywny,Tak,Tak,8
5/13/2023 21:32:06,,18-26,Panem,1 - 5 łat,Nie(Pan/Pani może skończyć test),,,,,,,,,,,,,,,,,,,,,
5/13/2023 21:35:45,,18-26,Panem,< 1 roku,Tak,Autobus,Kilka raz na tydzień,Więcej niż godzina,Nowa Huta,"Do pracy,Na zakupy",2,Autobus,Często,Taksówka,Ilość przesiadek,Tak,Nie,> 5 min,Nie,,Nie,Tak,Efektywny,Tak,Tak,6
5/13/2023 21:59:41,,18-26,Panią,1 - 5 łat,Tak,Tramwaj,2-4 razy w dzień,Więcej niż godzina,Stare Miasto,"Do uczelni,Do pracy,Na zakupy",1,Tramwaj,Rzadko,Taksówka,Komfort pojazdu,Tak,Tak,Nie spóźnia się,Tak,,Nie,Tak,Bardzo efektywny,Tak,Tak,9
5/13/2023 22:02:09,,27-65,Panią,5+ łat,Tak,Autobus,Kilka raz na tydzień,Mniej niż 15 min,Podgórze,Do pracy,0,,Rzadko,Pieszo,Cena,Tak,Tak,Nie spóźnia się,Tak,,Tak,Tak,Efektywny,Tak,Tak,8
5/13/2023 22:04:23,,65+,Panem,< 1 roku,Tak,Tramwaj,2 razy w dzień,Do 30 min,Podgórze,Do żony,0,,Rzadko,Rower,Ilość przesiadek,Tak,Nie,< 5 min,Tak,,Tak,Tak,Bardzo efektywny,Tak,Tak,9
5/13/2023 22:06:47,,27-65,Panią,5+ łat,Tak,Tramwaj,2 razy w dzień,Do 30 min,Stare Miasto,Do pracy,0,,,Taksówka,Czas podróży,Tak,Tak,Nie spóźnia się,Tak,Pojechała taksówką,Nie,Tak,Nie wiem bo nie jeżdżę tym,Tak,Nie. Używam go bardzo często,7
5/13/2023 22:10:18,,<18,Panią,1 - 5 łat,Tak,Autobus,Kilka raz na tydzień,Do 30 min,Stare Miasto,"Do uczelni,Na spacer",0,,Nigdy,Pieszo,Cena,Tak,Nie,< 5 min,Tak,,Nie,Tak,Efektywny,Tak,Tak,10
5/13/2023 22:12:42,,18-26,Panem,1 - 5 łat,Tak,Tramwaj,2 razy w dzień,Około godziny,Podgórze,"Do uczelni,Do pracy,Na zakupy",0,,Rzadko,Rower,Czas podróży,Tak,Nie,< 5 min,Tak,Spóźnił się i czekał następny,Nie,Tak,Efektywny,Tak,Nie. Używam go bardzo często,6
5/13/2023 22:15:23,,27-65,Panem,1 - 5 łat,Tak,Autobus,Kilka raz na tydzień,Do 30 min,Grzegórzkie,"Do pracy,Na zakupy",0,Tramwaj,Rzadko,Rower,Ilość przesiadek,Tak,Tak,Nie spóźnia się,Tak,,Nie,Tak,Bardzo efektywny,Tak,Nie. Używam go bardzo często,7
5/13/2023 22:17:00,,27-65,Panią,< 1 roku,Tak,Tramwaj,Kilka raz na tydzień,Do 30 min,Dębniki,Do pracy,0,,Rzadko,Taksówka,Czas podróży,Nie,Tak,Nie spóźnia się,Tak,,Nie,Tak,Nie wiem bo nie jeżdżę tym,Nie,Tak,8
5/13/2023 22:19:22,,18-26,Panią,1 - 5 łat,Tak,Tramwaj,2 razy w dzień,Do 30 min,Stare Miasto,"Do uczelni,Do pracy",0,,Nigdy,Pieszo,Ilość przesiadek,Tak,Tak,Nie spóźnia się,Nie,,Tak,Tak,Efektywny,Tak,Nie. Używam go bardzo często,10
5/13/2023 22:20:38,,18-26,Panem,1 - 5 łat,Tak,Tramwaj,Kilka raz na tydzień,Około godziny,Podgórze,"Do uczelni,Do pracy",0,Tramwaj,Rzadko,Rower,Komfort pojazdu,Nie,Nie,< 5 min,Tak,,Tak,Tak,Bardzo efektywny,Tak,Tak,7
5/13/2023 22:23:39,,18-26,Panem,1 - 5 łat,Tak,Tramwaj,Kilka raz na tydzień,Do 30 min,Podgórze,Do uczelni,0,Tramwaj,Rzadko,Rower,Ilość przesiadek,Tak,Tak,Nie spóźnia się,Nie,,Tak,Tak,Bardzo efektywny,Tak,Tak,8
5/13/2023 22:28:49,,27-65,Panem,1 - 5 łat,Tak,Tramwaj,2 razy w dzień,Do 30 min,Grzegórzkie,"Do uczelni,Do pracy,Na zakupy",0,,Nigdy,Hulajnoga,Czas podróży,Tak,Tak,Nie spóźnia się,Nie,,Nie,Tak,Efektywny,Tak,Tak,9
5/13/2023 22:31:01,,27-65,Panem,5+ łat,Tak,Autobus,Kilka raz na tydzień,Do 30 min,,"Do pracy,Inne",0,,Często,Pieszo,Komfort pojazdu,Nie,Nie,> 5 min,Tak,,Nie,Nie,Nie efektywny,Tak,Tak,4
5/13/2023 22:33:42,,27-65,Panem,1 - 5 łat,Nie(Pan/Pani może skończyć test),Autobus,Kilka raz na tydzień,Około godziny,Bronowice,Do rodziny,1,Tramwaj,Rzadko,Pieszo,Cena,Tak,Tak,Nie spóźnia się,Tak,,Tak,Tak,Efektywny,Tak,Tak,8
5/13/2023 22:35:39,,18-26,Panem,5+ łat,Tak,Autobus,Kilka raz na tydzień,Do 30 min,Stare Miasto,Do pracy,0,,Nigdy,Taksówka,Czas podróży,Tak,Tak,Nie spóźnia się,Tak,,Tak,Tak,Efektywny,Tak,Tak,7
5/13/2023 22:38:02,,18-26,Panem,< 1 roku,Tak,Tramwaj,2 razy w dzień,Około godziny,Grzegórzkie,Do pracy,0,,Rzadko,Rower,Cena,Tak,Tak,Nie spóźnia się,Nie,,Nie,Tak,Bardzo efektywny,Tak,Tak,6
5/14/2023 10:52:07,,18-26,Panią,1 - 5 łat,Tak,Tramwaj,2 razy w dzień,Około godziny,Stare Miasto,Do pracy,0,,Rzadko,Taksówka,Czas podróży,Tak,Tak,Nie spóźnia się,Tak,,Tak,Tak,Nie wiem bo nie jeżdżę tym,Tak,Tak,8
5/14/2023 10:53:46,,<18,Panią,< 1 roku,Tak,Autobus,Kilka raz na tydzień,Do 30 min,Podgórze,Do uczelni,0,Autobus,Często,Pieszo,Ilość przesiadek,Tak,Tak,Nie spóźnia się,Tak,Poszła sama,Nie,Tak,Nie efektywny,Tak,Tak,7
5/14/2023 10:55:33,,18-26,Panem,1 - 5 łat,Tak,Tramwaj,Kilka raz na tydzień,Do 30 min,Stare Miasto,"Do uczelni,Do pracy",0,,Nigdy,Rower,Cena,Tak,Nie,< 5 min,Tak,,Tak,Tak,Bardzo efektywny,Tak,Tak,6
5/14/2023 10:58:49,,65+,Panem,5+ łat,Tak,Autobus,Kilka raz na miesiąc,Do 30 min,Podgórze,Na zakupy,0,,Rzadko,Pieszo,Cena,Tak,Tak,Nie spóźnia się,Nie,,Nie,Tak,Nie wiem bo nie jeżdżę tym,Tak,Tak,9
5/14/2023 13:55:45,,18-26,Panem,< 1 roku,Tak,Autobus,2 razy w dzień,Mniej niż 15 min,Stare Miasto,"Do uczelni,Do pracy",1,Tramwaj,Rzadko,Pieszo,Komfort pojazdu,Tak,Nie,< 5 min,Nie,,Tak,Tak,Bardzo efektywny,Tak,Tak,10
5/14/2023 14:02:19,,18-26,Panem,1 - 5 łat,Tak,Tramwaj,Kilka raz na tydzień,Do 30 min,Grzegórzkie,"Do pracy,Na zakupy",0,,Rzadko,Rower,Komfort pojazdu,Tak,Tak,Nie spóźnia się,Nie,,Tak,Tak,Efektywny,Tak,Tak,9
5/14/2023 19:45:27,,18-26,Panią,1 - 5 łat,Tak,Autobus,Kilka raz na tydzień,Mniej niż 15 min,Podgórze,"Do uczelni,Do pracy",0,,Rzadko,Hulajnoga,Cena,Tak,Tak,Nie spóźnia się,Nie,,Nie,Tak,Efektywny,Tak,Tak,10
5/14/2023 19:48:52,,18-26,Panią,< 1 roku,Nie(Pan/Pani może skończyć test),Tramwaj,2 razy w dzień,Mniej niż 15 min,Podgórze,"Do pracy,Na zakupy,Na spacer",0,,,Taksówka,,Tak,Tak,,Nie,,,Tak,Bardzo efektywny,Tak,Tak,9
5/14/2023 19:50:17,,27-65,Panem,1 - 5 łat,Tak,Tramwaj,Kilka raz na tydzień,Mniej niż 15 min,Podgórze,"Do pracy,Na zakupy",1,Tramwaj,Rzadko,Rower,Czas podróży,Tak,Nie,Nie spóźnia się,Nie,,Nie,Tak,Bardzo efektywny,Tak,Tak,8
5/15/2023 11:02:20,,18-26,Panem,1 - 5 łat,Tak,Tramwaj,Kilka raz na tydzień,Do 30 min,Podgórze,"Do uczelni,Do pracy",0,,Rzadko,Rower,Ilość przesiadek,Tak,Tak,Nie spóźnia się,Tak,,Nie,Nie,Bardzo efektywny,Tak,Tak,9
5/15/2023 11:03:45,,27-65,Panem,1 - 5 łat,Nie(Pan/Pani może skończyć test),,,,,,,,,,,,,,,,,,,,,
5/15/2023 11:09:59,,<18,Panem,< 1 roku,Tak,Tramwaj,Kilka raz na tydzień,Około godziny,Stare Miasto,Do uczelni,1,Tramwaj,Nigdy,Hulajnoga,Cena,Tak,Tak,Nie spóźnia się,Nie,,Nie,Nie,Efektywny,Tak,Tak,7
5/15/2023 11:12:55,,27-65,Panią,5+ łat,Tak,Tramwaj,2 razy w dzień,Około godziny,Dębniki,"Do pracy,Na zakupy,Na spacer",0,Tramwaj,Często,Taksówka,Ilość przesiadek,Tak,Tak,Nie spóźnia się,Tak,,Nie,Tak,Nie wiem bo nie jeżdżę tym,Tak,Tak,9
5/15/2023 11:16:41,,27-65,Panią,5+ łat,Tak,Tramwaj,2-4 razy w dzień,Mniej niż 15 min,Dębniki,Na zakupy,0,,Często,Pieszo,Komfort pojazdu,Nie,Nie,> 5 min,Tak,,Tak,Tak,Efektywny,Tak,Tak,9
5/15/2023 11:19:50,,18-26,Panem,1 - 5 łat,Tak,Tramwaj,Kilka raz na tydzień,Około godziny,Podgórze,Do uczelni,0,,Rzadko,Hulajnoga,Cena,Nie,Tak,Nie spóźnia się,Tak,,Nie,Tak,Nie efektywny,Nie,Tak,10
5/15/2023 11:25:25,,18-26,Panią,5+ łat,Tak,Tramwaj,Kilka raz na tydzień,Około godziny,Stare Miasto,Do uczelni,0,,Rzadko,Pieszo,Czas podróży,Tak,Tak,Nie spóźnia się,Nie,,Nie,Tak,Nie efektywny,Tak,Tak,7
5/15/2023 11:36:26,,27-65,Panią,5+ łat,Tak,Autobus,2 razy w dzień,Do 30 min,Podgórze,Do pracy,0,Tramwaj,Rzadko,Rower,Komfort pojazdu,Tak,Nie,Nie spóźnia się,Tak,,Nie,Tak,Efektywny,Tak,Nie. Używam go bardzo często,9
5/15/2023 11:44:34,,27-65,Panem,1 - 5 łat,Tak,Tramwaj,Kilka raz na tydzień,Do 30 min,Podgórze,Do pracy,1,Tramwaj,Rzadko,Pieszo,Ilość przesiadek,Nie,Nie,< 5 min,Tak,,Nie,Tak,Efektywny,Nie,Tak,10
5/15/2023 11:46:40,,65+,Panem,5+ łat,Tak,Autobus,Kilka raz na miesiąc,Do 30 min,Nowa Huta,Do rodziny,1,Autobus,Rzadko,Pieszo,Czas podróży,Nie,Tak,Nie spóźnia się,Tak,,Nie,Nie,Nie wiem bo nie jeżdżę tym,Nie,Tak,6
5/15/2023 11:48:40,,27-65,Panią,1 - 5 łat,Tak,Tramwaj,Kilka raz na tydzień,Około godziny,Podgórze,Do pracy,0,,Często,Taksówka,Ilość przesiadek,Tak,Tak,< 5 min,Tak,,Nie,Tak,Bardzo efektywny,Tak,Tak,5
5/15/2023 11:55:14,,27-65,Panią,5+ łat,Tak,Tramwaj,2 razy w dzień,Do 30 min,Dębniki,Po sprawach,0,,Rzadko,Taksówka,Czas podróży,Tak,Tak,Nie spóźnia się,Nie,,Tak,Tak,Bardzo efektywny,Tak,Nie. Używam go bardzo często,9
5/15/2023 11:57:13,,27-65,Panem,1 - 5 łat,Nie(Pan/Pani może skończyć test),Autobus,Kilka raz na tydzień,Do 30 min,Podgórze,Do pracy,0,,Nigdy,Rower,Cena,Nie,Tak,Nie spóźnia się,Nie,,Tak,Tak,Bardzo efektywny,Tak,Nie. Używam go bardzo często,9
5/15/2023 12:01:49,,27-65,Panią,5+ łat,Tak,Tramwaj,2 razy w dzień,Około godziny,Grzegórzkie,"Do pracy,Na zakupy",0,,Bardzo często,Taksówka,Cena,Nie,Tak,Nie spóźnia się,Nie,,Nie,Tak,Efektywny,Tak,Tak,9
5/15/2023 12:03:41,,<18,Panią,1 - 5 łat,Nie(Pan/Pani może skończyć test),Tramwaj,Kilka raz na tydzień,Do 30 min,Stare Miasto,Na zakupy,0,,Rzadko,Rower,Czas podróży,,Nie,> 5 min,Nie,,Tak,Nie,Efektywny,Nie,Nie. Używam go bardzo często,9
5/16/2023 13:42:51,,18-26,Panią,< 1 roku,Tak,Autobus,2 razy w dzień,Około godziny,Stare Miasto,"Do uczelni,Na zakupy",0,Autobus,Rzadko,Pieszo,Cena,Tak,Tak,Nie spóźnia się,Nie,,Tak,Tak,Nie wiem bo nie jeżdżę tym,Tak,Nie. Używam go bardzo często,8
5/19/2023 10:40:39,,18-26,Panem,1 - 5 łat,Tak,Tramwaj,Kilka raz na tydzień,Około godziny,Grzegórzkie,"Do uczelni,Do pracy",0,Tramwaj,Rzadko,Rower,Czas podróży,Tak,Nie,> 5 min,Tak,,Tak,Nie,Bardzo efektywny,Tak,Tak,8
5/19/2023 10:41:30,,27-65,Panią,1 - 5 łat,Nie(Pan/Pani może skończyć test),,,,,,,,,,,,,,,,,,,,,
5/19/2023 10:42:12,,18-26,Panią,< 1 roku,Tak,Tramwaj,2 razy w dzień,Do 30 min,Stare Miasto,Do uczelni,1,Tramwaj,Rzadko,Rower,Cena,Tak,Nie,Nie spóźnia się,Tak,,Tak,Tak,Bardzo efektywny,Tak,Tak,9
5/19/2023 10:43:30,,27-65,Panem,1 - 5 łat,Tak,Tramwaj,Kilka raz na tydzień,Około godziny,Stare Miasto,"Do uczelni,Do pracy",0,Tramwaj,Często,Taksówka,Ilość przesiadek,Nie,Tak,Nie spóźnia się,Nie,,Tak,Tak,Efektywny,Tak,Tak,9
5/19/2023 10:44:13,,18-26,Panią,1 - 5 łat,Nie(Pan/Pani może skończyć test),Tramwaj,2 razy w dzień,Do 30 min,Grzegórzkie,"Do uczelni,Do pracy",1,Autobus,Często,Hulajnoga,Czas podróży,Tak,Nie,Nie spóźnia się,Tak,,Tak,Tak,Bardzo efektywny,Tak,Tak,7
5/19/2023 10:44:58,,27-65,Panem,1 - 5 łat,Tak,Tramwaj,2 razy w dzień,Do 30 min,Podgórze,Do pracy,0,Tramwaj,Często,Rower,Ilość przesiadek,Tak,Tak,Nie spóźnia się,Tak,,Nie,Nie,Bardzo efektywny,Nie,Nie. Używam go bardzo często,6
5/19/2023 10:45:12,,27-65,Panem,5+ łat,Nie(Pan/Pani może skończyć test),,,,,,,,,,,,,,,,,,,,,
5/19/2023 10:45:57,,18-26,Panią,1 - 5 łat,Nie(Pan/Pani może skończyć test),Autobus,2-4 razy w dzień,Około godziny,Grzegórzkie,"Do uczelni,Do pracy",1,Autobus,Często,Taksówka,Czas podróży,Tak,Nie,Nie spóźnia się,Tak,,Tak,Tak,Bardzo efektywny,Tak,Nie. Używam go bardzo często,7
5/19/2023 10:46:49,,18-26,Panią,1 - 5 łat,Tak,,Kilka raz na tydzień,Mniej niż 15 min,Podgórze,"Do pracy,Na zakupy",0,Inne,Rzadko,Taksówka,Cena,Tak,Tak,Nie spóźnia się,Tak,,Tak,Nie,Efektywny,Nie,Tak,9
5/19/2023 10:48:16,,18-26,Panią,1 - 5 łat,Tak,Tramwaj,Kilka raz na tydzień,Mniej niż 15 min,Stare Miasto,Do pracy,1,Tramwaj,Często,Taksówka,Czas podróży,Tak,Tak,< 5 min,Tak,,Nie,Tak,Efektywny,Tak,Nie. Używam go bardzo często,5
5/19/2023 10:51:16,,65+,Panią,5+ łat,Tak,Tramwaj,Kilka raz na tydzień,Około godziny,Nowa Huta,Na zakupy,0,,Często,Taksówka,Czas podróży,Nie,Tak,Nie spóźnia się,Nie,,Nie,Nie,Nie wiem bo nie jeżdżę tym,Tak,Tak,9
5/19/2023 10:52:10,,27-65,Panem,5+ łat,Nie(Pan/Pani może skończyć test),,,,,,,,,,,,,,,,,,,,,
5/19/2023 10:52:30,,18-26,Panem,1 - 5 łat,Nie(Pan/Pani może skończyć test),,,,,,,,,,,,,,,,,,,,,
5/19/2023 10:52:48,,27-65,Panią,5+ łat,Nie(Pan/Pani może skończyć test),,,,,,,,,,,,,,,,,,,,,
5/19/2023 13:29:26,,18-26,Panią,5+ łat,Tak,Tramwaj,Kilka raz na tydzień,Więcej niż godzina,Dębniki,Do pracy,1,Tramwaj,Rzadko,Pieszo,Cena,Tak,Nie,< 5 min,Tak,Czekałam na kolejny/ wybrałam inny sposób dotarcia na miejsce,Tak,Tak,Nie wiem bo nie jeżdżę tym,Tak,Tak,7
5/19/2023 19:23:20,,18-26,Panem,1 - 5 łat,Tak,Tramwaj,2 razy w dzień,Do 30 min,Grzegórzkie,"Do uczelni,Do pracy",0,Tramwaj,Rzadko,Rower,Ilość przesiadek,Tak,Nie,< 5 min,Tak,,Tak,Tak,Efektywny,Nie,Tak,9
5/19/2023 19:24:09,,18-26,Panią,1 - 5 łat,Tak,Autobus,Kilka raz na tydzień,Mniej niż 15 min,Stare Miasto,"Do pracy,Na zakupy",0,Tramwaj,Nigdy,Taksówka,Cena,Tak,Tak,Nie spóźnia się,Tak,,Tak,Tak,Nie efektywny,Tak,Nie. Używam go bardzo często,9
5/19/2023 19:24:23,,27-65,Panią,1 - 5 łat,Nie(Pan/Pani może skończyć test),,,,,,,,,,,,,,,,,,,,,
5/19/2023 19:26:25,,27-65,Panią,< 1 roku,Tak,Autobus,2 razy w dzień,Więcej niż godzina,Nowa Huta,"Do uczelni,Na zakupy",1,Tramwaj,Często,Rower,Komfort pojazdu,Tak,Tak,Nie spóźnia się,Nie,,Nie,Tak,Efektywny,Tak,Tak,9
5/19/2023 19:29:41,,27-65,Panem,1 - 5 łat,Tak,Tramwaj,Kilka raz na tydzień,Do 30 min,Stare Miasto,"Do uczelni,Do pracy",0,Autobus,Często,Hulajnoga,Czas podróży,Tak,Tak,Nie spóźnia się,Tak,,Tak,Nie,Bardzo efektywny,Tak,Tak,8
5/19/2023 19:30:34,,27-65,Panią,5+ łat,Tak,Tramwaj,Kilka raz na tydzień,Do 30 min,Nowa Huta,Do pracy,0,Tramwaj,Często,Rower,Ilość przesiadek,Tak,Tak,Nie spóźnia się,Tak,,Nie,Tak,Efektywny,Nie,Nie. Używam go bardzo często,7
5/19/2023 19:30:46,,18-26,Panią,< 1 roku,Nie(Pan/Pani może skończyć test),,,,,,,,,,,,,,,,,,,,,
5/19/2023 19:33:15,,65+,Panem,5+ łat,Tak,Tramwaj,Kilka raz na tydzień,Do 30 min,Stare Miasto,Na zakupy,0,Tramwaj,Nigdy,Taksówka,Czas podróży,Tak,Tak,Nie spóźnia się,Tak,,Nie,Tak,Nie wiem bo nie jeżdżę tym,Tak,Tak,10
5/19/2023 19:38:10,,65+,Panem,5+ łat,Tak,Autobus,Kilka raz na miesiąc,Do 30 min,Podgórze,Do pracy,0,Tramwaj,Rzadko,Rower,Czas podróży,Nie,Nie,Nie spóźnia się,Nie,,Tak,Tak,Bardzo efektywny,Nie,Tak,9
5/19/2023 19:39:17,,65+,Panią,5+ łat,Tak,Tramwaj,2 razy w dzień,Około godziny,Dębniki,Do uczelni,1,Autobus,Rzadko,Rower,Ilość przesiadek,Tak,Tak,Nie spóźnia się,Tak,,Tak,Tak,Bardzo efektywny,Tak,Nie. Używam go bardzo często,8
5/19/2023 19:41:23,,27-65,Panią,1 - 5 łat,Tak,Tramwaj,Kilka raz na tydzień,Do 30 min,Stare Miasto,"Do uczelni,Do pracy",0,Autobus,Rzadko,Taksówka,Czas podróży,Nie,Nie,Nie spóźnia się,Tak,,Nie,Tak,Efektywny,Tak,Tak,7
5/19/2023 20:31:04,,65+,Panią,1 - 5 łat,Tak,Autobus,2 razy w dzień,Około godziny,Stare Miasto,Do uczelni,0,Tramwaj,Nigdy,Rower,Ilość przesiadek,Nie,Nie,< 5 min,Nie,,Nie,Tak,Efektywny,Tak,Nie. Używam go bardzo często,7
5/19/2023 20:33:28,,27-65,Panią,1 - 5 łat,Tak,Autobus,2 razy w dzień,Około godziny,Stare Miasto,Do pracy,0,Autobus,Nigdy,Rower,Czas podróży,Tak,Tak,< 5 min,Nie,,Tak,Tak,Efektywny,Tak,Tak,9
5/19/2023 20:34:25,,18-26,Panem,,Nie(Pan/Pani może skończyć test),,,,,,,,,,,,,,,,,,,,,
5/19/2023 20:35:33,,27-65,Panem,< 1 roku,Tak,Autobus,Kilka raz na miesiąc,Do 30 min,Stare Miasto,Do uczelni,0,Tramwaj,Rzadko,Taksówka,Ilość przesiadek,Tak,Nie,> 5 min,Nie,,Tak,Tak,Bardzo efektywny,Tak,Tak,9
5/19/2023 20:36:43,,27-65,Panią,1 - 5 łat,Tak,Tramwaj,Kilka raz na tydzień,Mniej niż 15 min,Nowa Huta,Do uczelni,0,Tramwaj,Rzadko,Rower,Czas podróży,Tak,Tak,Nie spóźnia się,Tak,,Tak,Tak,Efektywny,Tak,Tak,8
5/19/2023 20:40:01,,18-26,Panią,1 - 5 łat,Tak,Tramwaj,2 razy w dzień,Do 30 min,Grzegórzkie,"Do uczelni,Do pracy",0,Autobus,Nigdy,Taksówka,Ilość przesiadek,Tak,Tak,Nie spóźnia się,Tak,,Tak,Tak,Efektywny,Tak,Tak,8
5/19/2023 20:43:26,,18-26,Panią,1 - 5 łat,Tak,Autobus,2 razy w dzień,Do 30 min,Nowa Huta,Na zakupy,0,Autobus,Nigdy,Taksówka,Ilość przesiadek,Tak,Tak,Nie spóźnia się,Tak,,Tak,Nie,Bardzo efektywny,Tak,Tak,9
5/19/2023 20:46:45,,27-65,Panią,1 - 5 łat,Tak,Autobus,2 razy w dzień,Około godziny,Nowa Huta,Do pracy,0,Tramwaj,Rzadko,Rower,Ilość przesiadek,Tak,Nie,Nie spóźnia się,Tak,,Nie,Tak,Efektywny,Tak,Nie. Używam go bardzo często,9
5/19/2023 20:53:38,,27-65,Panem,1 - 5 łat,Tak,Tramwaj,2 razy w dzień,Do 30 min,Nowa Huta,"Do uczelni,Do pracy",0,Tramwaj,Bardzo często,Rower,Cena,Tak,Tak,Nie spóźnia się,Tak,,Nie,Tak,Efektywny,Tak,Tak,9
5/19/2023 20:55:42,,18-26,Panią,5+ łat,Tak,Tramwaj,2-4 razy w dzień,Więcej niż godzina,Grzegórzkie,Na zakupy,2,Tramwaj,Często,Taksówka,Cena,Nie,Tak,> 5 min,Tak,,Nie,Nie,Efektywny,Tak,Tak,2
5/19/2023 20:55:56,,18-26,Panem,1 - 5 łat,Tak,Tramwaj,2 razy w dzień,Mniej niż 15 min,Stare Miasto,Na zakupy,0,Autobus,Rzadko,Rower,Czas podróży,Nie,Tak,Nie spóźnia się,Nie,,Nie,Nie,Efektywny,Tak,Tak,9
5/19/2023 20:57:11,,18-26,Panem,< 1 roku,Tak,Autobus,2 razy w dzień,Do 30 min,Stare Miasto,Na zakupy,0,Tramwaj,Nigdy,Taksówka,Ilość przesiadek,Tak,Tak,Nie spóźnia się,Tak,,Tak,Tak,Efektywny,Tak,Nie. Używam go bardzo często,8
5/19/2023 20:57:22,,<18,Panią,1 - 5 łat,Tak,Tramwaj,2 razy w dzień,Około godziny,Podgórze,Na zakupy,1,Inne,Rzadko,Hulajnoga,Ilość przesiadek,Tak,Nie,< 5 min,Nie,,Tak,Nie,Bardzo efektywny,Tak,Nie. Używam go bardzo często,3
5/19/2023 20:59:15,,27-65,Panią,1 - 5 łat,Tak,Autobus,2-4 razy w dzień,Około godziny,Grzegórzkie,Do uczelni,1,Tramwaj,Rzadko,Taksówka,Cena,Nie,Nie,Nie spóźnia się,Tak,,Tak,Tak,Efektywny,Nie,Tak,8
5/19/2023 21:00:43,,18-26,Panem,1 - 5 łat,Tak,Autobus,2 razy w dzień,Około godziny,Podgórze,Do pracy,0,Tramwaj,Rzadko,Hulajnoga,Czas podróży,Tak,Tak,Nie spóźnia się,Tak,,Nie,Tak,Bardzo efektywny,Tak,Tak,9
5/19/2023 21:01:08,,27-65,Panią,5+ łat,Nie(Pan/Pani może skończyć test),,,,,,,,,,,,,,,,,,,,,
5/19/2023 21:02:07,,65+,Panem,1 - 5 łat,Tak,Tramwaj,2 razy w dzień,Do 30 min,Nowa Huta,Do pracy,0,Tramwaj,Nigdy,Taksówka,Cena,Tak,Nie,Nie spóźnia się,Tak,,Tak,Tak,Nie efektywny,Tak,Tak,7
5/19/2023 21:04:17,,27-65,Panią,5+ łat,Tak,Autobus,Kilka raz na tydzień,Mniej niż 15 min,Stare Miasto,Do pracy,0,Tramwaj,Rzadko,Rower,Czas podróży,Tak,Nie,Nie spóźnia się,Tak,,Tak,Tak,Efektywny,Tak,Tak,7
5/19/2023 21:16:02,,27-65,Panią,< 1 roku,Tak,Tramwaj,2 razy w dzień,Do 30 min,Grzegórzkie,Do pracy,0,Tramwaj,Rzadko,Rower,Ilość przesiadek,Tak,Tak,Nie spóźnia się,Nie,,Tak,Tak,Efektywny,Tak,Tak,7
5/19/2023 21:17:03,,27-65,Panią,1 - 5 łat,Tak,Autobus,2 razy w dzień,Około godziny,Podgórze,Do pracy,1,,Często,Hulajnoga,Czas podróży,Tak,Tak,Nie spóźnia się,Tak,,Tak,Tak,Efektywny,Tak,,9
5/19/2023 21:17:57,,<18,Panem,< 1 roku,Tak,Tramwaj,Więcej niż 4 razy w dzień,Do 30 min,Podgórze,Na zakupy,1,Tramwaj,Rzadko,Taksówka,Ilość przesiadek,Nie,Tak,< 5 min,Nie,,Tak,Nie,Bardzo efektywny,Tak,Tak,10
5/19/2023 22:02:14,,18-26,Panią,< 1 roku,Tak,Autobus,2 razy w dzień,Około godziny,Nowa Huta,Do pracy,0,Tramwaj,Rzadko,Rower,Komfort pojazdu,Tak,Nie,< 5 min,Tak,,Tak,Tak,Efektywny,Tak,Nie. Używam go bardzo często,8
5/19/2023 22:13:48,,18-26,Panią,1 - 5 łat,Tak,Autobus,2 razy w dzień,Do 30 min,Grzegórzkie,"Do uczelni,Do pracy",0,Tramwaj,Nigdy,Taksówka,Cena,Nie,Nie,Nie spóźnia się,Tak,,Nie,Nie,Bardzo efektywny,Tak,Tak,8
5/19/2023 22:14:27,,65+,Panią,1 - 5 łat,Tak,Tramwaj,2 razy w dzień,Około godziny,Grzegórzkie,"Do pracy,Na zakupy",0,Tramwaj,Rzadko,Rower,Czas podróży,Tak,Nie,> 5 min,Tak,,Tak,Tak,Efektywny,Tak,Tak,9
5/19/2023 22:15:14,,<18,Panem,< 1 roku,Tak,Autobus,2 razy w dzień,Do 30 min,Nowa Huta,Do uczelni,0,,Rzadko,Rower,Komfort pojazdu,Nie,Nie,> 5 min,Tak,,Nie,Nie,Efektywny,Tak,Tak,9
5/19/2023 22:16:12,,27-65,Panią,1 - 5 łat,Nie(Pan/Pani może skończyć test),Autobus,2 razy w dzień,Około godziny,Dębniki,Na zakupy,0,,Rzadko,Rower,Cena,Tak,Tak,Nie spóźnia się,Tak,,Tak,Tak,Nie efektywny,Tak,Tak,7
5/19/2023 22:16:36,,<18,Panem,1 - 5 łat,Tak,Tramwaj,2-4 razy w dzień,Do 30 min,Podgórze,Na zakupy,2,Autobus,Rzadko,Taksówka,Ilość przesiadek,Tak,Tak,> 5 min,Tak,,Tak,Nie,Efektywny,Nie,Tak,4
5/19/2023 22:16:37,,27-65,Panią,1 - 5 łat,Nie(Pan/Pani może skończyć test),,,,,,,,,,,,,,,,,,,,,
5/19/2023 22:17:44,,27-65,Panem,1 - 5 łat,Tak,Tramwaj,2 razy w dzień,Około godziny,Stare Miasto,"Do uczelni,Na zakupy",0,,Często,Taksówka,Czas podróży,Nie,Nie,< 5 min,Tak,,Tak,Tak,Bardzo efektywny,Tak,Tak,10
5/19/2023 22:17:46,,27-65,Panią,1 - 5 łat,Tak,Tramwaj,Kilka raz na tydzień,Około godziny,Nowa Huta,Na zakupy,0,Inne,Rzadko,Hulajnoga,Cena,Nie,Tak,< 5 min,Nie,,Tak,Nie,Bardzo efektywny,Tak,Nie. Używam go bardzo często,8
5/19/2023 22:18:39,,65+,Panią,1 - 5 łat,Tak,Autobus,Kilka raz na tydzień,Mniej niż 15 min,Stare Miasto,"Do uczelni,Do pracy",0,,Często,Rower,Czas podróży,Tak,Tak,Nie spóźnia się,Tak,,Nie,Tak,Efektywny,Tak,Nie. Używam go bardzo często,9
5/19/2023 22:19:18,,65+,Panią,5+ łat,Tak,Autobus,Kilka raz na miesiąc,Około godziny,Grzegórzkie,Do pracy,2,Autobus,Często,Rower,Ilość przesiadek,Tak,Tak,< 5 min,Nie,,Nie,Tak,Bardzo efektywny,Tak,Nie. Używam go bardzo często,8
5/19/2023 22:19:42,,27-65,Panią,1 - 5 łat,Tak,Tramwaj,Kilka raz na tydzień,Do 30 min,Stare Miasto,Do pracy,2,Tramwaj,Rzadko,Pieszo,Komfort pojazdu,Tak,Nie,< 5 min,Tak,,Tak,Tak,Bardzo efektywny,Tak,Tak,9
5/19/2023 22:20:29,,27-65,Panią,1 - 5 łat,Tak,Autobus,Kilka raz na tydzień,Do 30 min,Grzegórzkie,Do uczelni,1,Tramwaj,Rzadko,Hulajnoga,Komfort pojazdu,Tak,Tak,Nie spóźnia się,Tak,,Tak,Tak,Efektywny,Tak,Tak,9
5/19/2023 22:20:45,,65+,Panią,1 - 5 łat,Nie(Pan/Pani może skończyć test),,,,,,,,,,,,,,,,,,,,,
5/19/2023 22:21:33,,<18,Panią,1 - 5 łat,Tak,Tramwaj,,Do 30 min,Stare Miasto,Na zakupy,3,Inne,Bardzo często,Hulajnoga,Cena,Nie,Tak,< 5 min,Nie,,Tak,Nie,Bardzo efektywny,Nie,Tak,6
5/19/2023 22:22:22,,65+,Panią,1 - 5 łat,Tak,Autobus,2 razy w dzień,Więcej niż godzina,Stare Miasto,Do uczelni,2,Inne,Nigdy,Pieszo,Ilość przesiadek,Nie,Tak,> 5 min,Tak,,Tak,Tak,Efektywny,Nie,Tak,10
5/19/2023 22:22:26,,18-26,Panią,1 - 5 łat,Tak,Tramwaj,2 razy w dzień,Do 30 min,Grzegórzkie,Na zakupy,0,,Rzadko,Hulajnoga,Komfort pojazdu,Tak,Nie,< 5 min,Tak,,Tak,Tak,Efektywny,Tak,Tak,7
5/19/2023 22:23:06,,65+,Panią,1 - 5 łat,Tak,Autobus,Kilka raz na tydzień,Mniej niż 15 min,Stare Miasto,Do uczelni,0,Tramwaj,Nigdy,Taksówka,Czas podróży,Nie,Nie,< 5 min,Tak,,Tak,Tak,Nie wiem bo nie jeżdżę tym,Tak,Tak,9
5/19/2023 22:23:44,,27-65,Panią,5+ łat,Tak,Tramwaj,2-4 razy w dzień,Około godziny,Grzegórzkie,Na zakupy,2,Tramwaj,Rzadko,Rower,Czas podróży,Tak,Nie,Nie spóźnia się,Tak,,Tak,Tak,Efektywny,Tak,Tak,8
5/19/2023 22:24:29,,65+,Panią,1 - 5 łat,Nie(Pan/Pani może skończyć test),Autobus,2 razy w dzień,Do 30 min,Nowa Huta,"Do uczelni,Na zakupy",0,Tramwaj,Nigdy,Hulajnoga,Ilość przesiadek,Tak,Tak,Nie spóźnia się,Tak,,Tak,Tak,Efektywny,Tak,Tak,9
5/19/2023 22:24:33,,27-65,Panią,< 1 roku,Tak,Tramwaj,Kilka raz na tydzień,Do 30 min,Nowa Huta,Do pracy,3+,Inne,Często,Hulajnoga,Komfort pojazdu,Tak,Tak,< 5 min,Tak,,Nie,Tak,Bardzo efektywny,Tak,Nie. Używam go bardzo często,8
5/19/2023 22:25:18,,65+,Panią,1 - 5 łat,Tak,Autobus,Kilka raz na tydzień,Do 30 min,Grzegórzkie,Do pracy,0,Tramwaj,Rzadko,Rower,Czas podróży,Nie,Nie,Nie spóźnia się,Tak,,Tak,Tak,Efektywny,Tak,Nie. Używam go bardzo często,9
5/19/2023 22:25:26,,18-26,Nie wiem,5+ łat,Tak,Autobus,2 razy w dzień,Mniej niż 15 min,Grzegórzkie,Do uczelni,1,Autobus,Bardzo często,Taksówka,Ilość przesiadek,Nie,Nie,> 5 min,Tak,,Tak,Nie,Efektywny,Tak,Nie. Używam go bardzo często,9
5/19/2023 22:26:29,,18-26,Panią,1 - 5 łat,Tak,Tramwaj,Kilka raz na tydzień,Około godziny,Grzegórzkie,Do pracy,1,Tramwaj,Rzadko,Taksówka,Ilość przesiadek,Tak,Nie,< 5 min,Nie,,Nie,Tak,Efektywny,Tak,Tak,9
5/19/2023 22:26:38,,18-26,Panem,< 1 roku,Tak,Tramwaj,2-4 razy w dzień,Mniej niż 15 min,Grzegórzkie,Do pracy,3,Tramwaj,Nigdy,Hulajnoga,Czas podróży,Tak,Nie,< 5 min,Tak,,Nie,Tak,Nie efektywny,Tak,Nie. Używam go bardzo często,9
5/19/2023 22:27:09,,18-26,Panem,1 - 5 łat,Tak,Tramwaj,Kilka raz na tydzień,Do 30 min,Nowa Huta,Do pracy,1,Tramwaj,Rzadko,Pieszo,Ilość przesiadek,Nie,Nie,< 5 min,Tak,,Nie,Tak,Efektywny,Nie,Tak,6
5/19/2023 22:27:50,,<18,Panem,< 1 roku,Tak,Autobus,Kilka raz na miesiąc,Do 30 min,Nowa Huta,Do pracy,0,Tramwaj,Nigdy,Taksówka,Cena,Tak,Tak,Nie spóźnia się,Tak,,Tak,Tak,Efektywny,Nie,Tak,8
5/19/2023 22:27:55,,65+,Panem,1 - 5 łat,Tak,Tramwaj,Więcej niż 4 razy w dzień,Około godziny,Nowa Huta,Do pracy,3+,Tramwaj,Często,Rower,Czas podróży,Nie,Tak,< 5 min,Nie,,Tak,Nie,Nie wiem bo nie jeżdżę tym,Tak,Nie. Używam go bardzo często,9
5/19/2023 22:29:16,,18-26,Panem,1 - 5 łat,Tak,Tramwaj,Kilka raz na tydzień,Do 30 min,Dębniki,Na zakupy,3+,Autobus,Rzadko,Hulajnoga,Ilość przesiadek,Tak,Tak,< 5 min,Tak,,Tak,Nie,Bardzo efektywny,Tak,Nie. Używam go bardzo często,8
5/19/2023 22:30:09,,27-65,Panem,1 - 5 łat,Tak,Autobus,Kilka raz na miesiąc,Około godziny,Grzegórzkie,Do pracy,0,Autobus,Rzadko,Rower,Komfort pojazdu,Tak,Nie,Nie spóźnia się,Tak,,Nie,Tak,Nie wiem bo nie jeżdżę tym,Tak,Tak,8
5/19/2023 22:30:28,,18-26,Panią,1 - 5 łat,Tak,Tramwaj,Kilka raz na tydzień,Około godziny,Podgórze,Do uczelni,3,Autobus,Nigdy,Hulajnoga,Komfort pojazdu,Nie,Tak,Nie spóźnia się,Nie,,Tak,Tak,Efektywny,Tak,Nie. Używam go bardzo często,4
5/19/2023 22:31:46,,<18,Nie wiem,< 1 roku,Tak,Autobus,2 razy w dzień,Około godziny,Nowa Huta,Do uczelni,2,,Często,Taksówka,Czas podróży,Tak,Nie,Nie spóźnia się,Nie,,Tak,Tak,Bardzo efektywny,Nie,Tak,1
5/19/2023 22:31:55,,18-26,Panem,< 1 roku,Tak,Tramwaj,2 razy w dzień,Około godziny,Podgórze,Do pracy,0,Tramwaj,Nigdy,Hulajnoga,Ilość przesiadek,Nie,Nie,> 5 min,Nie,,Nie,Nie,Bardzo efektywny,Tak,Tak,8
5/19/2023 22:32:48,,<18,Panią,1 - 5 łat,Tak,Tramwaj,Kilka raz na miesiąc,Mniej niż 15 min,Podgórze,Do uczelni,1,Autobus,Rzadko,Rower,Ilość przesiadek,Nie,Nie,Nie spóźnia się,Tak,,Nie,Tak,Bardzo efektywny,Nie,Nie. Używam go bardzo często,
5/19/2023 22:33:16,,18-26,Panem,1 - 5 łat,Tak,Autobus,2 razy w dzień,Do 30 min,Grzegórzkie,"Do uczelni,Do żony",1,Tramwaj,Często,Hulajnoga,Ilość przesiadek,Nie,Tak,Nie spóźnia się,Tak,,Tak,Tak,Bardzo efektywny,Tak,Tak,5
5/19/2023 22:33:43,,<18,Nie wiem,< 1 roku,Tak,Tramwaj,Kilka raz na miesiąc,Mniej niż 15 min,Stare Miasto,"Na zakupy,Inne",3,,Rzadko,Hulajnoga,Czas podróży,Tak,Nie,> 5 min,Tak,,Nie,Tak,Efektywny,Tak,Nie. Używam go bardzo często,2
5/19/2023 22:34:32,,18-26,Nie wiem,1 - 5 łat,Tak,Autobus,Kilka raz na miesiąc,Około godziny,Grzegórzkie,Do pracy,2,,Bardzo często,Taksówka,Cena,Tak,Nie,< 5 min,Nie,,Tak,Nie,Bardzo efektywny,Nie,Nie. Używam go bardzo często,1
5/19/2023 22:35:36,,18-26,Panią,1 - 5 łat,Tak,Autobus,2 razy w dzień,Do 30 min,Grzegórzkie,Na zakupy,2,Inne,Nigdy,Hulajnoga,Ilość przesiadek,Nie,Tak,Nie spóźnia się,Nie,,Tak,Nie,Bardzo efektywny,Tak,Tak,5
5/19/2023 22:36:24,,27-65,Panią,< 1 roku,Tak,Tramwaj,Kilka raz na tydzień,Około godziny,Stare Miasto,Do uczelni,0,Tramwaj,Nigdy,Taksówka,Czas podróży,Nie,Tak,> 5 min,Tak,,Nie,Nie,Bardzo efektywny,Tak,Nie. Używam go bardzo często,1
5/19/2023 22:37:26,,27-65,Nie wiem,< 1 roku,Tak,Tramwaj,Kilka raz na tydzień,Więcej niż godzina,Grzegórzkie,Do pracy,0,Tramwaj,Często,Rower,Cena,Nie,Tak,Nie spóźnia się,Nie,,Tak,Nie,Nie efektywny,Tak,Tak,7
5/19/2023 22:39:05,,27-65,Panią,< 1 roku,Tak,Tramwaj,Kilka raz na tydzień,Do 30 min,Stare Miasto,Do uczelni,1,Tramwaj,Często,Hulajnoga,Cena,Nie,Tak,< 5 min,Nie,,Nie,Tak,Efektywny,Nie,Nie. Używam go bardzo często,9
5/19/2023 22:41:00,,18-26,Panem,1 - 5 łat,Tak,Tramwaj,2-4 razy w dzień,Mniej niż 15 min,Nowa Huta,Na zakupy,0,Tramwaj,Nigdy,Rower,Ilość przesiadek,Nie,Tak,< 5 min,Nie,,Nie,Tak,Bardzo efektywny,Tak,Nie. Używam go bardzo często,8
5/19/2023 22:57:17,,27-65,Panem,1 - 5 łat,Tak,Autobus,Kilka raz na tydzień,Do 30 min,Nowa Huta,Na zakupy,0,Autobus,Często,Taksówka,Czas podróży,Tak,Nie,Nie spóźnia się,Tak,,Tak,Tak,Efektywny,Tak,,9
5/19/2023 22:57:32,,18-26,Panem,1 - 5 łat,Nie(Pan/Pani może skończyć test),,,,,,,,,,,,,,,,,,,,,
5/19/2023 22:58:57,,18-26,Panią,5+ łat,Tak,,2 razy w dzień,,Nowa Huta,Do uczelni,0,Tramwaj,Rzadko,Rower,Cena,Nie,Nie,Nie spóźnia się,Tak,,Tak,Tak,Bardzo efektywny,Tak,Nie. Używam go bardzo często,10
5/19/2023 22:59:56,,18-26,Panem,1 - 5 łat,Nie(Pan/Pani może skończyć test),Autobus,2 razy w dzień,Do 30 min,Stare Miasto,"Do uczelni,Inne",0,Autobus,Rzadko,Pieszo,Czas podróży,Tak,Tak,Nie spóźnia się,Tak,,Nie,Tak,Efektywny,Tak,Tak,10
5/19/2023 23:00:54,,27-65,Panią,5+ łat,Tak,Autobus,2-4 razy w dzień,Około godziny,Grzegórzkie,Do pracy,1,Tramwaj,Często,Taksówka,Komfort pojazdu,Tak,Nie,< 5 min,Tak,,Tak,Tak,Efektywny,Nie,Nie. Używam go bardzo często,8
5/19/2023 23:02:20,,27-65,Panią,< 1 roku,Tak,Tramwaj,2 razy w dzień,Około godziny,Stare Miasto,Do pracy,1,Autobus,Nigdy,Taksówka,Komfort pojazdu,Nie,Tak,Nie spóźnia się,Nie,,Tak,Nie,Efektywny,Tak,Tak,9
5/19/2023 23:03:10,,27-65,Panią,1 - 5 łat,Tak,Tramwaj,Kilka raz na tydzień,Mniej niż 15 min,Stare Miasto,Do pracy,0,Autobus,Rzadko,Rower,Ilość przesiadek,Tak,Nie,< 5 min,Tak,,Tak,Tak,Bardzo efektywny,Nie,Tak,10
5/19/2023 23:04:02,,27-65,Panią,1 - 5 łat,Tak,Tramwaj,2-4 razy w dzień,Do 30 min,Nowa Huta,Do pracy,0,Autobus,Nigdy,Rower,Czas podróży,,Tak,Nie spóźnia się,Nie,,Nie,Nie,Efektywny,Nie,Nie. Używam go bardzo często,8
5/19/2023 23:04:16,,18-26,Panem,1 - 5 łat,Nie(Pan/Pani może skończyć test),,,,,,,,,,,,,,,,,,,,,
5/19/2023 23:04:47,,27-65,Nie wiem,1 - 5 łat,Tak,Tramwaj,Kilka raz na tydzień,Około godziny,Nowa Huta,Na zakupy,2,Tramwaj,Nigdy,Taksówka,Czas podróży,Tak,Nie,< 5 min,Nie,,Tak,Nie,Bardzo efektywny,Tak,Tak,3
5/19/2023 23:05:39,,27-65,Nie wiem,1 - 5 łat,Tak,Autobus,Kilka raz na miesiąc,Mniej niż 15 min,Nowa Huta,Do pracy,1,Inne,Rzadko,Taksówka,Ilość przesiadek,Tak,Nie,< 5 min,Nie,,Nie,Tak,Bardzo efektywny,Nie,Nie. Używam go bardzo często,2
5/19/2023 23:06:29,,65+,Panią,5+ łat,Tak,Tramwaj,Kilka raz na miesiąc,Około godziny,Nowa Huta,Na zakupy,1,Tramwaj,Często,Taksówka,Cena,Nie,Nie,< 5 min,Tak,,Nie,Nie,Efektywny,Nie,Tak,2
5/19/2023 23:06:39,,18-26,Panią,< 1 roku,Tak,Tramwaj,2 razy w dzień,Około godziny,Nowa Huta,"Inne,Taksi",0,Autobus,Rzadko,Rower,Cena,Tak,Nie,Nie spóźnia się,Tak,,Nie,Nie,Bardzo efektywny,Nie,Nie. Używam go bardzo często,9
5/19/2023 23:06:52,,18-26,Panią,1 - 5 łat,Nie(Pan/Pani może skończyć test),,,,,,,,,,,,,,,,,,,,,
5/19/2023 23:07:09,,<18,Panią,5+ łat,Tak,Tramwaj,2-4 razy w dzień,Do 30 min,Podgórze,Na zakupy,2,Tramwaj,Nigdy,Taksówka,Ilość przesiadek,Tak,Nie,> 5 min,Tak,,Tak,Tak,Efektywny,Nie,Nie. Używam go bardzo często,9
5/19/2023 23:07:41,,18-26,Panem,5+ łat,Tak,Tramwaj,Kilka raz na tydzień,Około godziny,Grzegórzkie,Do pracy,0,Tramwaj,Nigdy,Taksówka,Cena,Nie,Nie,< 5 min,Nie,,Tak,Tak,Efektywny,Tak,Nie. Używam go bardzo często,8
5/19/2023 23:07:53,,65+,Nie wiem,5+ łat,Tak,Autobus,Kilka raz na miesiąc,Około godziny,Nowa Huta,Na zakupy,1,Inne,Rzadko,Taksówka,Ilość przesiadek,Tak,Tak,> 5 min,Tak,,Nie,Tak,Bardzo efektywny,Tak,Nie. Używam go bardzo często,6
5/19/2023 23:08:49,,27-65,Panią,< 1 roku,Tak,Tramwaj,Kilka raz na tydzień,Około godziny,Nowa Huta,Na zakupy,1,Tramwaj,Często,Rower,Ilość przesiadek,Tak,Nie,Nie spóźnia się,Tak,,Nie,Tak,Efektywny,Nie,Nie. Używam go bardzo często,6
5/19/2023 23:08:49,,27-65,Nie wiem,1 - 5 łat,Tak,Autobus,2 razy w dzień,Około godziny,Nowa Huta,Do pracy,3,Autobus,Nigdy,Rower,Ilość przesiadek,Tak,Nie,Nie spóźnia się,Tak,,Nie,Nie,Efektywny,Tak,Nie. Używam go bardzo często,6
5/19/2023 23:09:33,,27-65,Panią,1 - 5 łat,Tak,Tramwaj,Kilka raz na tydzień,Około godziny,Grzegórzkie,Do uczelni,0,Tramwaj,Rzadko,Taksówka,Cena,Tak,Tak,Nie spóźnia się,Tak,,Nie,Tak,Nie efektywny,Tak,Tak,5
5/19/2023 23:10:05,,65+,Panią,5+ łat,Tak,Autobus,Kilka raz na tydzień,Mniej niż 15 min,Nowa Huta,Do pracy,2,Autobus,Często,Rower,Czas podróży,Tak,Nie,> 5 min,Tak,,Tak,Nie,Nie wiem bo nie jeżdżę tym,Nie,Nie. Używam go bardzo często,1
5/19/2023 23:11:04,,27-65,Panem,1 - 5 łat,Tak,Tramwaj,2 razy w dzień,Około godziny,Grzegórzkie,Do pracy,0,Autobus,Rzadko,Hulajnoga,Ilość przesiadek,Tak,Nie,Nie spóźnia się,Tak,,Nie,Tak,Bardzo efektywny,Tak,Tak,8
5/19/2023 23:11:15,,27-65,Panem,< 1 roku,Tak,Tramwaj,2 razy w dzień,Mniej niż 15 min,Grzegórzkie,Do pracy,1,Autobus,Nigdy,Taksówka,Cena,Tak,Nie,< 5 min,Tak,,Tak,Nie,Bardzo efektywny,Nie,Tak,5
5/19/2023 23:12:04,,18-26,Panią,1 - 5 łat,Tak,Tramwaj,2 razy w dzień,Mniej niż 15 min,Stare Miasto,"Do uczelni,Do pracy",0,,Rzadko,Hulajnoga,Czas podróży,Tak,Tak,Nie spóźnia się,Tak,,Nie,Tak,Efektywny,Tak,Tak,9
5/19/2023 23:13:34,,18-26,Panią,< 1 roku,Tak,Autobus,Kilka raz na tydzień,Do 30 min,Nowa Huta,Do pracy,0,Autobus,Często,Rower,Czas podróży,Nie,Nie,Nie spóźnia się,Tak,,Tak,Tak,Nie wiem bo nie jeżdżę tym,Tak,Tak,7
5/19/2023 23:14:34,,18-26,Panem,1 - 5 łat,Tak,Tramwaj,2 razy w dzień,Mniej niż 15 min,Stare Miasto,Do pracy,0,,Rzadko,Taksówka,Cena,Tak,Tak,Nie spóźnia się,Nie,,Nie,Tak,Bardzo efektywny,Tak,Nie. Używam go bardzo często,8
5/19/2023 23:15:52,,27-65,Panią,1 - 5 łat,Tak,Autobus,2-4 razy w dzień,Do 30 min,Nowa Huta,Do uczelni,0,Tramwaj,Często,Hulajnoga,Komfort pojazdu,Tak,Tak,Nie spóźnia się,Tak,,Nie,Nie,Bardzo efektywny,Nie,Nie. Używam go bardzo często,7
5/19/2023 23:16:04,,18-26,Panem,1 - 5 łat,Nie(Pan/Pani może skończyć test),,,,,,,,,,,,,,,,,,,,,
5/19/2023 23:16:48,,27-65,Panem,1 - 5 łat,Tak,Tramwaj,Kilka raz na miesiąc,Mniej niż 15 min,Grzegórzkie,Do pracy,2,Tramwaj,Rzadko,Taksówka,Cena,Nie,Tak,Nie spóźnia się,Nie,,Nie,Tak,Efektywny,Tak,Tak,8
5/19/2023 23:17:51,,27-65,Panią,1 - 5 łat,Tak,Tramwaj,2 razy w dzień,Do 30 min,Grzegórzkie,Do pracy,1,Tramwaj,Często,Rower,Cena,Nie,Nie,< 5 min,Tak,,Tak,Tak,Efektywny,Tak,Nie. Używam go bardzo często,4
5/19/2023 23:19:17,,27-65,Panią,< 1 roku,Tak,Autobus,Kilka raz na tydzień,Około godziny,Grzegórzkie,Do uczelni,0,,Rzadko,Hulajnoga,Czas podróży,Nie,Nie,< 5 min,Tak,,Tak,Tak,Nie efektywny,Tak,Nie. Używam go bardzo często,8
5/19/2023 23:19:34,,18-26,Panią,1 - 5 łat,Nie(Pan/Pani może skończyć test),,,,,,,,,,,,,,,,,,,,,
5/19/2023 23:20:24,,18-26,Panem,5+ łat,Tak,Autobus,Kilka raz na tydzień,Około godziny,Stare Miasto,Do pracy,1,Tramwaj,Rzadko,Taksówka,Ilość przesiadek,Nie,Nie,> 5 min,Tak,,Tak,Tak,Efektywny,Tak,Tak,8
5/19/2023 23:22:56,,18-26,Panem,< 1 roku,Tak,Autobus,2 razy w dzień,Około godziny,Nowa Huta,"Do uczelni,Do pracy,Na zakupy",0,Autobus,Często,Rower,Czas podróży,Tak,Nie,> 5 min,Tak,,Tak,Nie,Efektywny,Nie,Nie. Używam go bardzo często,7
5/19/2023 23:24:12,,27-65,Panią,< 1 roku,Tak,,2-4 razy w dzień,Do 30 min,Nowa Huta,Do uczelni,0,Tramwaj,Często,Hulajnoga,Ilość przesiadek,Nie,Nie,< 5 min,Nie,,Nie,Nie,Efektywny,Nie,Nie. Używam go bardzo często,7
5/19/2023 23:24:56,,27-65,Panią,1 - 5 łat,Tak,Tramwaj,2-4 razy w dzień,Do 30 min,Nowa Huta,"Do uczelni,Na zakupy",0,Autobus,Rzadko,Rower,Ilość przesiadek,Nie,Nie,Nie spóźnia się,Tak,,Tak,Nie,Efektywny,Nie,Nie. Używam go bardzo często,8
5/19/2023 23:27:08,,27-65,Nie wiem,1 - 5 łat,Tak,Tramwaj,2 razy w dzień,Mniej niż 15 min,Grzegórzkie,Na zakupy,3,Tramwaj,Rzadko,Taksówka,Cena,Nie,Nie,Nie spóźnia się,Tak,,Nie,Tak,,Nie,Nie. Używam go bardzo często,10
5/19/2023 23:27:18,,18-26,Panią,1 - 5 łat,Tak,Autobus,Kilka raz na tydzień,Około godziny,Grzegórzkie,Do uczelni,1,Autobus,Nigdy,Rower,Cena,Tak,Nie,Nie spóźnia się,Tak,,Tak,Nie,Efektywny,Nie,Nie. Używam go bardzo często,6
5/19/2023 23:28:04,,18-26,Panią,5+ łat,Tak,Autobus,Kilka raz na tydzień,Do 30 min,Stare Miasto,Do uczelni,3+,Inne,Nigdy,Taksówka,Cena,Tak,Nie,< 5 min,Nie,,Nie,Tak,Efektywny,Nie,Tak,2
5/19/2023 23:28:13,,18-26,Panem,1 - 5 łat,Tak,Tramwaj,2-4 razy w dzień,Około godziny,Grzegórzkie,"Do uczelni,Na zakupy,Inne",2,Tramwaj,Rzadko,Hulajnoga,Czas podróży,Tak,Nie,< 5 min,Nie,,Tak,Tak,Bardzo efektywny,Nie,Nie. Używam go bardzo często,7
5/19/2023 23:29:07,,<18,Panią,1 - 5 łat,Tak,Autobus,2 razy w dzień,Więcej niż godzina,Grzegórzkie,Do pracy,0,Tramwaj,Często,Rower,Czas podróży,Tak,Tak,Nie spóźnia się,Nie,,Nie,Nie,Bardzo efektywny,Nie,Tak,9
5/19/2023 23:29:58,,18-26,Panem,1 - 5 łat,Tak,Autobus,Kilka raz na tydzień,Około godziny,Grzegórzkie,Do uczelni,0,Tramwaj,Często,Rower,Czas podróży,Nie,Tak,< 5 min,Tak,,Tak,Tak,Efektywny,Tak,Tak,6
5/19/2023 23:30:19,,27-65,Panią,1 - 5 łat,Nie(Pan/Pani może skończyć test),,,,,,,,,,,,,,,,,,,,,
5/19/2023 23:30:48,,18-26,Panią,< 1 roku,Tak,Tramwaj,Kilka raz na tydzień,Mniej niż 15 min,Nowa Huta,Do uczelni,1,Autobus,Często,Hulajnoga,Ilość przesiadek,Tak,Nie,> 5 min,Nie,,Tak,Tak,Efektywny,Tak,Nie. Używam go bardzo często,3
5/19/2023 23:32:14,,18-26,Panem,1 - 5 łat,Tak,Tramwaj,2 razy w dzień,Około godziny,Nowa Huta,Do pracy,1,Tramwaj,Nigdy,Hulajnoga,Czas podróży,Tak,Nie,< 5 min,Tak,,Tak,Tak,Efektywny,Tak,Tak,8
5/19/2023 23:34:04,,27-65,Panią,1 - 5 łat,Tak,Tramwaj,2 razy w dzień,Mniej niż 15 min,Stare Miasto,"Do uczelni,Do pracy,Na zakupy",0,Tramwaj,Nigdy,Taksówka,Cena,Nie,Tak,Nie spóźnia się,Tak,,Tak,Tak,Efektywny,Tak,Tak,8
5/19/2023 23:34:17,,27-65,Panią,5+ łat,Nie(Pan/Pani może skończyć test),,,,,,,,,,,,,,,,,,,,,
5/19/2023 23:36:21,,18-26,Panią,1 - 5 łat,Tak,Autobus,2 razy w dzień,Do 30 min,Grzegórzkie,,0,,Rzadko,Hulajnoga,Ilość przesiadek,Tak,Tak,Nie spóźnia się,Tak,,Tak,Tak,Nie efektywny,Nie,Nie. Używam go bardzo często,6
5/19/2023 23:37:47,,18-26,Panem,< 1 roku,Tak,Tramwaj,Kilka raz na tydzień,Około godziny,Nowa Huta,Do uczelni,0,Tramwaj,Często,Rower,Czas podróży,Nie,Nie,Nie spóźnia się,Tak,,Tak,Tak,Efektywny,Nie,Tak,7
5/19/2023 23:41:21,,18-26,Panią,5+ łat,Tak,Autobus,2 razy w dzień,Mniej niż 15 min,Stare Miasto,Do pracy,0,,Rzadko,Rower,Cena,Tak,Tak,> 5 min,Tak,,Tak,Tak,Bardzo efektywny,Tak,Tak,10
5/19/2023 23:42:09,,18-26,Panią,< 1 roku,Tak,Tramwaj,2-4 razy w dzień,Mniej niż 15 min,Stare Miasto,Na zakupy,0,Tramwaj,Rzadko,Taksówka,Cena,Nie,Tak,< 5 min,Tak,,Tak,Tak,Bardzo efektywny,Tak,Tak,6
5/19/2023 23:43:53,,18-26,Panem,1 - 5 łat,Tak,Tramwaj,2 razy w dzień,Mniej niż 15 min,Stare Miasto,"Do uczelni,Do pracy,Na zakupy",0,Autobus,Rzadko,Rower,Ilość przesiadek,Nie,Tak,Nie spóźnia się,Tak,,Tak,Tak,Bardzo efektywny,Nie,Nie. Używam go bardzo często,9
5/19/2023 23:45:47,,18-26,Panem,1 - 5 łat,Tak,Autobus,2-4 razy w dzień,Do 30 min,Podgórze,Do pracy,0,Tramwaj,Rzadko,Hulajnoga,Czas podróży,Tak,Nie,> 5 min,Tak,,Tak,Tak,Efektywny,Tak,Tak,9
5/19/2023 23:46:04,,18-26,Panią,1 - 5 łat,Nie(Pan/Pani może skończyć test),,,,,,,,,,,,,,,,,,,,,
5/19/2023 23:47:00,,65+,Panią,1 - 5 łat,Tak,Tramwaj,2 razy w dzień,Około godziny,Podgórze,Do pracy,0,Tramwaj,Nigdy,Rower,Ilość przesiadek,Nie,Tak,Nie spóźnia się,Tak,,Tak,Tak,Efektywny,Tak,Tak,7
5/19/2023 23:47:59,,27-65,Panią,1 - 5 łat,Tak,Tramwaj,Kilka raz na tydzień,Około godziny,Stare Miasto,Do uczelni,0,Tramwaj,Bardzo często,Pieszo,Czas podróży,Tak,Tak,Nie spóźnia się,Tak,,Tak,Nie,Efektywny,Tak,Tak,8
5/19/2023 23:49:25,,18-26,Panią,< 1 roku,Tak,Autobus,2 razy w dzień,Mniej niż 15 min,Podgórze,Na zakupy,0,Tramwaj,Nigdy,Hulajnoga,Czas podróży,Nie,Nie,Nie spóźnia się,Tak,,Nie,Tak,Efektywny,Tak,Tak,8
5/19/2023 23:50:30,,18-26,Panią,1 - 5 łat,Tak,Tramwaj,Kilka raz na tydzień,Do 30 min,Nowa Huta,Na zakupy,0,Autobus,Rzadko,Rower,Komfort pojazdu,Nie,Nie,Nie spóźnia się,Tak,,Tak,Nie,Efektywny,Tak,Nie. Używam go bardzo często,8
5/19/2023 23:50:56,,18-26,Panem,1 - 5 łat,Tak,Tramwaj,2-4 razy w dzień,Około godziny,Stare Miasto,"Do uczelni,Do pracy",2,Tramwaj,Rzadko,Hulajnoga,Czas podróży,Tak,Tak,< 5 min,Nie,,Tak,Tak,Bardzo efektywny,Tak,Nie. Używam go bardzo często,6
5/19/2023 23:51:20,,18-26,Panem,1 - 5 łat,Nie(Pan/Pani może skończyć test),,,,,,,,,,,,,,,,,,,,,
5/19/2023 23:52:13,,18-26,Panią,< 1 roku,Tak,Autobus,Kilka raz na tydzień,Mniej niż 15 min,Grzegórzkie,Na zakupy,1,Tramwaj,Nigdy,Hulajnoga,Komfort pojazdu,Nie,Nie,< 5 min,Tak,,Nie,Tak,Nie efektywny,Tak,Tak,7
5/21/2023 12:54:59,,27-65,Panią,5+ łat,Tak,Tramwaj,Kilka raz na tydzień,Do 30 min,Stare Miasto,Do uczelni,0,Tramwaj,Rzadko,Pieszo,Ilość przesiadek,Tak,Tak,Nie spóźnia się,Tak,,Nie,Tak,Efektywny,Tak,Tak,7
5/21/2023 12:55:33,,27-65,Panią,5+ łat,Tak,Tramwaj,Kilka raz na tydzień,Do 30 min,Stare Miasto,Do uczelni,0,Tramwaj,Rzadko,Pieszo,Ilość przesiadek,Tak,Tak,Nie spóźnia się,Tak,,Nie,Tak,Efektywny,Tak,Tak,7
5/21/2023 12:55:44,,27-65,Panią,5+ łat,Tak,Tramwaj,Kilka raz na tydzień,Do 30 min,Stare Miasto,Do uczelni,0,Tramwaj,Rzadko,Pieszo,Ilość przesiadek,Tak,Tak,Nie spóźnia się,Tak,,Nie,Tak,Efektywny,Tak,Tak,7
5/21/2023 12:56:05,,27-65,Panią,5+ łat,Tak,Tramwaj,Kilka raz na tydzień,Do 30 min,Stare Miasto,Do uczelni,0,Tramwaj,Rzadko,Pieszo,Ilość przesiadek,Tak,Tak,Nie spóźnia się,Tak,,Nie,Tak,Efektywny,Tak,Tak,7
5/21/2023 12:56:29,,27-65,Panią,5+ łat,Tak,Tramwaj,Kilka raz na tydzień,Do 30 min,Stare Miasto,Do uczelni,0,Tramwaj,Rzadko,Pieszo,Ilość przesiadek,Tak,Tak,Nie spóźnia się,Tak,,Nie,Tak,Efektywny,Tak,Tak,7
5/21/2023 12:57:41,,27-65,Panią,5+ łat,Tak,Tramwaj,Kilka raz na tydzień,Do 30 min,Stare Miasto,Do uczelni,0,Tramwaj,Rzadko,Pieszo,Ilość przesiadek,Tak,Tak,Nie spóźnia się,Tak,,Nie,Tak,Efektywny,Tak,Tak,7
5/21/2023 12:58:00,,27-65,Panią,5+ łat,Tak,Tramwaj,Kilka raz na tydzień,Do 30 min,Stare Miasto,Do uczelni,0,Tramwaj,Rzadko,Pieszo,Ilość przesiadek,Tak,Tak,Nie spóźnia się,Tak,,Nie,Tak,Efektywny,Tak,Tak,7
5/21/2023 12:58:32,,27-65,Panią,5+ łat,Tak,Tramwaj,Kilka raz na tydzień,Do 30 min,Stare Miasto,Do uczelni,0,Tramwaj,Rzadko,Pieszo,Ilość przesiadek,Tak,Tak,Nie spóźnia się,Tak,,Nie,Tak,Efektywny,Tak,Tak,7
5/21/2023 12:58:51,,27-65,Panią,5+ łat,Tak,Tramwaj,Kilka raz na tydzień,Do 30 min,Stare Miasto,Do uczelni,0,Tramwaj,Rzadko,Pieszo,Ilość przesiadek,Tak,Tak,Nie spóźnia się,Tak,,Nie,Tak,Efektywny,Tak,Tak,7
5/21/2023 12:59:49,,27-65,Panią,5+ łat,Tak,Tramwaj,Kilka raz na tydzień,Do 30 min,Stare Miasto,Do uczelni,0,Tramwaj,Rzadko,Pieszo,Ilość przesiadek,Tak,Tak,Nie spóźnia się,Tak,,Nie,Tak,Efektywny,Tak,Tak,7
5/21/2023 12:59:59,,27-65,Panią,5+ łat,Tak,Tramwaj,Kilka raz na tydzień,Do 30 min,Stare Miasto,Do uczelni,0,Tramwaj,Rzadko,Pieszo,Ilość przesiadek,Tak,Tak,Nie spóźnia się,Tak,,Nie,Tak,Efektywny,Tak,Tak,7
5/21/2023 13:01:01,,27-65,Panią,5+ łat,Tak,Tramwaj,Kilka raz na tydzień,Do 30 min,Stare Miasto,Do uczelni,0,Tramwaj,Rzadko,Pieszo,Ilość przesiadek,Tak,Tak,Nie spóźnia się,Tak,,Nie,Tak,Efektywny,Tak,Tak,7
5/21/2023 13:01:12,,27-65,Panią,5+ łat,Tak,Tramwaj,Kilka raz na tydzień,Do 30 min,Stare Miasto,Do uczelni,0,Tramwaj,Rzadko,Pieszo,Ilość przesiadek,Tak,Tak,Nie spóźnia się,Tak,,Nie,Tak,Efektywny,Tak,Tak,7
5/21/2023 13:01:23,,27-65,Panią,5+ łat,Tak,Tramwaj,Kilka raz na tydzień,Do 30 min,Stare Miasto,Do uczelni,0,Tramwaj,Rzadko,Pieszo,Ilość przesiadek,Tak,Tak,Nie spóźnia się,Tak,,Nie,Tak,Efektywny,Tak,Tak,7
5/21/2023 13:01:29,,27-65,Panią,5+ łat,Tak,Tramwaj,Kilka raz na tydzień,Do 30 min,Stare Miasto,Do uczelni,0,Tramwaj,Rzadko,Pieszo,Ilość przesiadek,Tak,Tak,Nie spóźnia się,Tak,,Nie,Tak,Efektywny,Tak,Tak,7
5/21/2023 13:01:41,,27-65,Panią,5+ łat,Tak,Tramwaj,Kilka raz na tydzień,Do 30 min,Stare Miasto,Do uczelni,0,Tramwaj,Rzadko,Pieszo,Ilość przesiadek,Tak,Tak,Nie spóźnia się,Tak,,Nie,Tak,Efektywny,Tak,Tak,7
5/21/2023 13:02:54,,27-65,Panią,5+ łat,Tak,Tramwaj,Kilka raz na tydzień,Do 30 min,Stare Miasto,Do uczelni,0,Tramwaj,Rzadko,Pieszo,Ilość przesiadek,Tak,Tak,Nie spóźnia się,Tak,,Nie,Tak,Efektywny,Tak,Tak,8
5/21/2023 13:06:17,,27-65,Panią,5+ łat,Tak,Tramwaj,Kilka raz na tydzień,Do 30 min,Stare Miasto,Do uczelni,0,Tramwaj,Rzadko,Pieszo,Ilość przesiadek,Tak,Tak,Nie spóźnia się,Tak,,Nie,Tak,Efektywny,Tak,Tak,7
5/21/2023 13:07:57,,27-65,Panią,5+ łat,Tak,Tramwaj,Kilka raz na tydzień,Do 30 min,Stare Miasto,Do uczelni,0,Tramwaj,Rzadko,Pieszo,Ilość przesiadek,Tak,Tak,Nie spóźnia się,Tak,,Nie,Tak,Efektywny,Tak,Tak,8
5/21/2023 13:09:07,,27-65,Panią,5+ łat,Tak,Tramwaj,Kilka raz na tydzień,Do 30 min,Stare Miasto,Do uczelni,0,Tramwaj,Rzadko,Pieszo,Ilość przesiadek,Tak,Tak,Nie spóźnia się,Tak,,Nie,Tak,Efektywny,Tak,Tak,8
5/21/2023 13:09:27,,27-65,Panią,5+ łat,Tak,Tramwaj,Kilka raz na tydzień,Do 30 min,Stare Miasto,Do uczelni,0,Tramwaj,Rzadko,Pieszo,Ilość przesiadek,Tak,Tak,Nie spóźnia się,Tak,,Nie,Tak,Efektywny,Tak,Tak,8
5/21/2023 13:09:58,,27-65,Panią,5+ łat,Tak,Tramwaj,Kilka raz na tydzień,Do 30 min,Stare Miasto,Do uczelni,0,Tramwaj,Rzadko,Pieszo,Ilość przesiadek,Tak,Tak,Nie spóźnia się,Tak,,Nie,Tak,Efektywny,Tak,Tak,8
5/21/2023 13:11:00,,27-65,Panią,5+ łat,Tak,Tramwaj,Kilka raz na tydzień,Do 30 min,Stare Miasto,Do uczelni,0,Tramwaj,Rzadko,Pieszo,Ilość przesiadek,Tak,Tak,Nie spóźnia się,Tak,,Nie,Tak,Efektywny,Tak,Tak,8
5/21/2023 13:11:08,,27-65,Panią,5+ łat,Tak,Tramwaj,Kilka raz na tydzień,Do 30 min,Stare Miasto,Do uczelni,0,Tramwaj,Rzadko,Pieszo,Ilość przesiadek,Tak,Tak,Nie spóźnia się,Tak,,Nie,Tak,Efektywny,Tak,Tak,8
5/21/2023 13:11:13,,27-65,Panią,5+ łat,Tak,Tramwaj,Kilka raz na tydzień,Do 30 min,Stare Miasto,Do uczelni,0,Tramwaj,Rzadko,Pieszo,Ilość przesiadek,Tak,Tak,Nie spóźnia się,Tak,,Nie,Tak,Efektywny,Tak,Tak,8
5/21/2023 13:11:18,,27-65,Panią,5+ łat,Tak,Tramwaj,Kilka raz na tydzień,Do 30 min,Stare Miasto,Do uczelni,0,Tramwaj,Rzadko,Pieszo,Ilość przesiadek,Tak,Tak,Nie spóźnia się,Tak,,Nie,Tak,Efektywny,Tak,Tak,8
5/21/2023 13:11:24,,27-65,Panią,5+ łat,Tak,Tramwaj,Kilka raz na tydzień,Do 30 min,Stare Miasto,Do uczelni,0,Tramwaj,Rzadko,Pieszo,Ilość przesiadek,Tak,Tak,Nie spóźnia się,Tak,,Nie,Tak,Efektywny,Tak,Tak,8
5/21/2023 13:11:39,,27-65,Panią,5+ łat,Tak,Tramwaj,Kilka raz na tydzień,Do 30 min,Stare Miasto,Do uczelni,0,Tramwaj,Rzadko,Pieszo,Ilość przesiadek,Tak,Tak,Nie spóźnia się,Tak,,Nie,Tak,Efektywny,Tak,Tak,7
5/21/2023 13:11:50,,27-65,Panią,5+ łat,Tak,Tramwaj,Kilka raz na tydzień,Do 30 min,Stare Miasto,Do uczelni,0,Tramwaj,Rzadko,Pieszo,Ilość przesiadek,Tak,Tak,Nie spóźnia się,Tak,,Nie,Tak,Efektywny,Tak,Tak,7
5/21/2023 13:11:55,,27-65,Panią,5+ łat,Tak,Tramwaj,Kilka raz na tydzień,Do 30 min,Stare Miasto,Do uczelni,0,Tramwaj,Rzadko,Pieszo,Ilość przesiadek,Tak,Tak,Nie spóźnia się,Tak,,Nie,Tak,Efektywny,Tak,Tak,8
5/21/2023 13:12:24,,27-65,Panią,5+ łat,Tak,Tramwaj,Kilka raz na tydzień,Do 30 min,Stare Miasto,Do uczelni,0,Tramwaj,Rzadko,Pieszo,Ilość przesiadek,Tak,Tak,Nie spóźnia się,Tak,,Nie,Tak,Efektywny,Tak,Tak,8
5/21/2023 13:12:31,,27-65,Panią,5+ łat,Tak,Tramwaj,Kilka raz na tydzień,Do 30 min,Stare Miasto,Do uczelni,0,Tramwaj,Rzadko,Pieszo,Ilość przesiadek,Tak,Tak,Nie spóźnia się,Tak,,Nie,Tak,Efektywny,Tak,Tak,8
5/21/2023 13:12:36,,27-65,Panią,5+ łat,Tak,Tramwaj,Kilka raz na tydzień,Do 30 min,Stare Miasto,Do uczelni,0,Tramwaj,Rzadko,Pieszo,Ilość przesiadek,Tak,Tak,Nie spóźnia się,Tak,,Nie,Tak,Efektywny,Tak,Tak,8
5/21/2023 13:12:41,,27-65,Panią,5+ łat,Tak,Tramwaj,Kilka raz na tydzień,Do 30 min,Stare Miasto,Do uczelni,0,Tramwaj,Rzadko,Pieszo,Ilość przesiadek,Tak,Tak,Nie spóźnia się,Tak,,Nie,Tak,Efektywny,Tak,Tak,8
5/21/2023 13:12:47,,27-65,Panią,5+ łat,Tak,Tramwaj,Kilka raz na tydzień,Do 30 min,Stare Miasto,Do uczelni,0,Tramwaj,Rzadko,Pieszo,Ilość przesiadek,Tak,Tak,Nie spóźnia się,Tak,,Nie,Tak,Efektywny,Tak,Tak,8
5/21/2023 13:12:52,,27-65,Panią,5+ łat,Tak,Tramwaj,Kilka raz na tydzień,Do 30 min,Stare Miasto,Do uczelni,0,Tramwaj,Rzadko,Pieszo,Ilość przesiadek,Tak,Tak,Nie spóźnia się,Tak,,Nie,Tak,Efektywny,Tak,Tak,8
5/21/2023 13:12:57,,27-65,Panią,5+ łat,Tak,Tramwaj,Kilka raz na tydzień,Do 30 min,Stare Miasto,Do uczelni,0,Tramwaj,Rzadko,Pieszo,Ilość przesiadek,Tak,Tak,Nie spóźnia się,Tak,,Nie,Tak,Efektywny,Tak,Tak,8
5/21/2023 13:13:02,,27-65,Panią,5+ łat,Tak,Tramwaj,Kilka raz na tydzień,Do 30 min,Stare Miasto,Do uczelni,0,Tramwaj,Rzadko,Pieszo,Ilość przesiadek,Tak,Tak,Nie spóźnia się,Tak,,Nie,Tak,Efektywny,Tak,Tak,8
5/21/2023 13:13:08,,27-65,Panią,5+ łat,Tak,Tramwaj,Kilka raz na tydzień,Do 30 min,Stare Miasto,Do uczelni,0,Tramwaj,Rzadko,Pieszo,Ilość przesiadek,Tak,Tak,Nie spóźnia się,Tak,,Nie,Tak,Efektywny,Tak,Tak,8
5/21/2023 13:13:13,,27-65,Panią,5+ łat,Tak,Tramwaj,Kilka raz na tydzień,Do 30 min,Stare Miasto,Do uczelni,0,Tramwaj,Rzadko,Pieszo,Ilość przesiadek,Tak,Tak,Nie spóźnia się,Tak,,Nie,Tak,Efektywny,Tak,Tak,8
5/21/2023 13:13:18,,27-65,Panią,5+ łat,Tak,Tramwaj,Kilka raz na tydzień,Do 30 min,Stare Miasto,Do uczelni,0,Tramwaj,Rzadko,Pieszo,Ilość przesiadek,Tak,Tak,Nie spóźnia się,Tak,,Nie,Tak,Efektywny,Tak,Tak,8
5/21/2023 13:13:42,,27-65,Panią,5+ łat,Tak,Tramwaj,Kilka raz na tydzień,Do 30 min,Stare Miasto,Do uczelni,0,Tramwaj,Rzadko,Pieszo,Ilość przesiadek,Tak,Tak,Nie spóźnia się,Tak,,Nie,Tak,Efektywny,Tak,Tak,8
5/21/2023 13:13:47,,27-65,Panią,5+ łat,Tak,Tramwaj,Kilka raz na tydzień,Do 30 min,Stare Miasto,Do uczelni,0,Tramwaj,Rzadko,Pieszo,Ilość przesiadek,Tak,Tak,Nie spóźnia się,Tak,,Nie,Tak,Efektywny,Tak,Tak,8
5/21/2023 13:13:58,,27-65,Panią,5+ łat,Tak,Tramwaj,Kilka raz na tydzień,Do 30 min,Stare Miasto,Do uczelni,0,Tramwaj,Rzadko,Pieszo,Ilość przesiadek,Tak,Tak,Nie spóźnia się,Tak,,Nie,Tak,Efektywny,Tak,Tak,8
5/21/2023 13:14:03,,27-65,Panią,5+ łat,Tak,Tramwaj,Kilka raz na tydzień,Do 30 min,Stare Miasto,Do uczelni,0,Tramwaj,Rzadko,Pieszo,Ilość przesiadek,Tak,Tak,Nie spóźnia się,Tak,,Nie,Tak,Efektywny,Tak,Tak,8
5/21/2023 13:14:08,,27-65,Panią,5+ łat,Tak,Tramwaj,Kilka raz na tydzień,Do 30 min,Stare Miasto,Do uczelni,0,Tramwaj,Rzadko,Pieszo,Ilość przesiadek,Tak,Tak,Nie spóźnia się,Tak,,Nie,Tak,Efektywny,Tak,Tak,8
5/21/2023 13:14:14,,27-65,Panią,5+ łat,Tak,Tramwaj,Kilka raz na tydzień,Do 30 min,Stare Miasto,Do uczelni,0,Tramwaj,Rzadko,Pieszo,Ilość przesiadek,Tak,Tak,Nie spóźnia się,Tak,,Nie,Tak,Efektywny,Tak,Tak,8
5/21/2023 13:14:19,,27-65,Panią,5+ łat,Tak,Tramwaj,Kilka raz na tydzień,Do 30 min,Stare Miasto,Do uczelni,0,Tramwaj,Rzadko,Pieszo,Ilość przesiadek,Tak,Tak,Nie spóźnia się,Tak,,Nie,Tak,Efektywny,Tak,Tak,8
5/21/2023 13:14:24,,27-65,Panią,5+ łat,Tak,Tramwaj,Kilka raz na tydzień,Do 30 min,Stare Miasto,Do uczelni,0,Tramwaj,Rzadko,Pieszo,Ilość przesiadek,Tak,Tak,Nie spóźnia się,Tak,,Nie,Tak,Efektywny,Tak,Tak,8
5/21/2023 13:14:30,,27-65,Panią,5+ łat,Tak,Tramwaj,Kilka raz na tydzień,Do 30 min,Stare Miasto,Do uczelni,0,Tramwaj,Rzadko,Pieszo,Ilość przesiadek,Tak,Tak,Nie spóźnia się,Tak,,Nie,Tak,Efektywny,Tak,Tak,8
5/21/2023 13:14:47,,27-65,Panią,5+ łat,Tak,Tramwaj,Kilka raz na tydzień,Do 30 min,Stare Miasto,Do uczelni,0,Tramwaj,Rzadko,Pieszo,Ilość przesiadek,Tak,Tak,Nie spóźnia się,Tak,,Nie,Tak,Efektywny,Tak,Tak,8
5/21/2023 13:14:52,,27-65,Panią,5+ łat,Tak,Tramwaj,Kilka raz na tydzień,Do 30 min,Stare Miasto,Do uczelni,0,Tramwaj,Rzadko,Pieszo,Ilość przesiadek,Tak,Tak,Nie spóźnia się,Tak,,Nie,Tak,Efektywny,Tak,Tak,8
5/21/2023 13:14:57,,27-65,Panią,5+ łat,Tak,Tramwaj,Kilka raz na tydzień,Do 30 min,Stare Miasto,Do uczelni,0,Tramwaj,Rzadko,Pieszo,Ilość przesiadek,Tak,Tak,Nie spóźnia się,Tak,,Nie,Tak,Efektywny,Tak,Tak,8
5/21/2023 13:15:03,,27-65,Panią,5+ łat,Tak,Tramwaj,Kilka raz na tydzień,Do 30 min,Stare Miasto,Do uczelni,0,Tramwaj,Rzadko,Pieszo,Ilość przesiadek,Tak,Tak,Nie spóźnia się,Tak,,Nie,Tak,Efektywny,Tak,Tak,8
5/21/2023 13:15:08,,27-65,Panią,5+ łat,Tak,Tramwaj,Kilka raz na tydzień,Do 30 min,Stare Miasto,Do uczelni,0,Tramwaj,Rzadko,Pieszo,Ilość przesiadek,Tak,Tak,Nie spóźnia się,Tak,,Nie,Tak,Efektywny,Tak,Tak,8
5/21/2023 13:15:13,,27-65,Panią,5+ łat,Tak,Tramwaj,Kilka raz na tydzień,Do 30 min,Stare Miasto,Do uczelni,0,Tramwaj,Rzadko,Pieszo,Ilość przesiadek,Tak,Tak,Nie spóźnia się,Tak,,Nie,Tak,Efektywny,Tak,Tak,8
5/21/2023 13:15:18,,27-65,Panią,5+ łat,Tak,Tramwaj,Kilka raz na tydzień,Do 30 min,Stare Miasto,Do uczelni,0,Tramwaj,Rzadko,Pieszo,Ilość przesiadek,Tak,Tak,Nie spóźnia się,Tak,,Nie,Tak,Efektywny,Tak,Tak,8
5/21/2023 13:15:24,,27-65,Panią,5+ łat,Tak,Tramwaj,Kilka raz na tydzień,Do 30 min,Stare Miasto,Do uczelni,0,Tramwaj,Rzadko,Pieszo,Ilość przesiadek,Tak,Tak,Nie spóźnia się,Tak,,Nie,Tak,Efektywny,Tak,Tak,8
5/21/2023 13:15:29,,27-65,Panią,5+ łat,Tak,Tramwaj,Kilka raz na tydzień,Do 30 min,Stare Miasto,Do uczelni,0,Tramwaj,Rzadko,Pieszo,Ilość przesiadek,Tak,Tak,Nie spóźnia się,Tak,,Nie,Tak,Efektywny,Tak,Tak,8
5/21/2023 13:15:34,,27-65,Panią,5+ łat,Tak,Tramwaj,Kilka raz na tydzień,Do 30 min,Stare Miasto,Do uczelni,0,Tramwaj,Rzadko,Pieszo,Ilość przesiadek,Tak,Tak,Nie spóźnia się,Tak,,Nie,Tak,Efektywny,Tak,Tak,8
5/21/2023 13:15:39,,27-65,Panią,5+ łat,Tak,Tramwaj,Kilka raz na tydzień,Do 30 min,Stare Miasto,Do uczelni,0,Tramwaj,Rzadko,Pieszo,Ilość przesiadek,Tak,Tak,Nie spóźnia się,Tak,,Nie,Tak,Efektywny,Tak,Tak,8
5/21/2023 13:15:45,,27-65,Panią,5+ łat,Tak,Tramwaj,Kilka raz na tydzień,Do 30 min,Stare Miasto,Do uczelni,0,Tramwaj,Rzadko,Pieszo,Ilość przesiadek,Tak,Tak,Nie spóźnia się,Tak,,Nie,Tak,Efektywny,Tak,Tak,8
5/21/2023 13:15:50,,27-65,Panią,5+ łat,Tak,Tramwaj,Kilka raz na tydzień,Do 30 min,Stare Miasto,Do uczelni,0,Tramwaj,Rzadko,Pieszo,Ilość przesiadek,Tak,Tak,Nie spóźnia się,Tak,,Nie,Tak,Efektywny,Tak,Tak,8
5/21/2023 13:15:55,,27-65,Panią,5+ łat,Tak,Tramwaj,Kilka raz na tydzień,Do 30 min,Stare Miasto,Do uczelni,0,Tramwaj,Rzadko,Pieszo,Ilość przesiadek,Tak,Tak,Nie spóźnia się,Tak,,Nie,Tak,Efektywny,Tak,Tak,8
5/21/2023 13:16:01,,27-65,Panią,5+ łat,Tak,Tramwaj,Kilka raz na tydzień,Do 30 min,Stare Miasto,Do uczelni,0,Tramwaj,Rzadko,Pieszo,Ilość przesiadek,Tak,Tak,Nie spóźnia się,Tak,,Nie,Tak,Efektywny,Tak,Tak,8
5/21/2023 13:16:06,,27-65,Panią,5+ łat,Tak,Tramwaj,Kilka raz na tydzień,Do 30 min,Stare Miasto,Do uczelni,0,Tramwaj,Rzadko,Pieszo,Ilość przesiadek,Tak,Tak,Nie spóźnia się,Tak,,Nie,Tak,Efektywny,Tak,Tak,8
5/21/2023 13:16:11,,27-65,Panią,5+ łat,Tak,Tramwaj,Kilka raz na tydzień,Do 30 min,Stare Miasto,Do uczelni,0,Tramwaj,Rzadko,Pieszo,Ilość przesiadek,Tak,Tak,Nie spóźnia się,Tak,,Nie,Tak,Efektywny,Tak,Tak,8
5/21/2023 13:16:17,,27-65,Panią,5+ łat,Tak,Tramwaj,Kilka raz na tydzień,Do 30 min,Stare Miasto,Do uczelni,0,Tramwaj,Rzadko,Pieszo,Ilość przesiadek,Tak,Tak,Nie spóźnia się,Tak,,Nie,Tak,Efektywny,Tak,Tak,8
5/21/2023 13:16:22,,27-65,Panią,5+ łat,Tak,Tramwaj,Kilka raz na tydzień,Do 30 min,Stare Miasto,Do uczelni,0,Tramwaj,Rzadko,Pieszo,Ilość przesiadek,Tak,Tak,Nie spóźnia się,Tak,,Nie,Tak,Efektywny,Tak,Tak,8
5/21/2023 13:16:32,,27-65,Panią,5+ łat,Tak,Tramwaj,Kilka raz na tydzień,Do 30 min,Stare Miasto,Do uczelni,0,Tramwaj,Rzadko,Pieszo,Ilość przesiadek,Tak,Tak,Nie spóźnia się,Tak,,Nie,Tak,Efektywny,Tak,Tak,8
5/21/2023 13:16:38,,27-65,Panią,5+ łat,Tak,Tramwaj,Kilka raz na tydzień,Do 30 min,Stare Miasto,Do uczelni,0,Tramwaj,Rzadko,Pieszo,Ilość przesiadek,Tak,Tak,Nie spóźnia się,Tak,,Nie,Tak,Efektywny,Tak,Tak,8
5/21/2023 13:16:43,,27-65,Panią,5+ łat,Tak,Tramwaj,Kilka raz na tydzień,Do 30 min,Stare Miasto,Do uczelni,0,Tramwaj,Rzadko,Pieszo,Ilość przesiadek,Tak,Tak,Nie spóźnia się,Tak,,Nie,Tak,Efektywny,Tak,Tak,8
5/21/2023 13:16:48,,27-65,Panią,5+ łat,Tak,Tramwaj,Kilka raz na tydzień,Do 30 min,Stare Miasto,Do uczelni,0,Tramwaj,Rzadko,Pieszo,Ilość przesiadek,Tak,Tak,Nie spóźnia się,Tak,,Nie,Tak,Efektywny,Tak,Tak,8
5/21/2023 13:16:53,,27-65,Panią,5+ łat,Tak,Tramwaj,Kilka raz na tydzień,Do 30 min,Stare Miasto,Do uczelni,0,Tramwaj,Rzadko,Pieszo,Ilość przesiadek,Tak,Tak,Nie spóźnia się,Tak,,Nie,Tak,Efektywny,Tak,Tak,8
5/21/2023 13:16:59,,27-65,Panią,5+ łat,Tak,Tramwaj,Kilka raz na tydzień,Do 30 min,Stare Miasto,Do uczelni,0,Tramwaj,Rzadko,Pieszo,Ilość przesiadek,Tak,Tak,Nie spóźnia się,Tak,,Nie,Tak,Efektywny,Tak,Tak,8
5/21/2023 13:17:09,,27-65,Panią,5+ łat,Tak,Tramwaj,Kilka raz na tydzień,Do 30 min,Stare Miasto,Do uczelni,0,Tramwaj,Rzadko,Pieszo,Ilość przesiadek,Tak,Tak,Nie spóźnia się,Tak,,Nie,Tak,Efektywny,Tak,Tak,7
5/21/2023 13:17:15,,27-65,Panią,5+ łat,Tak,Tramwaj,Kilka raz na tydzień,Do 30 min,Stare Miasto,Do uczelni,0,Tramwaj,Rzadko,Pieszo,Ilość przesiadek,Tak,Tak,Nie spóźnia się,Tak,,Nie,Tak,Efektywny,Tak,Tak,8
5/21/2023 13:17:20,,27-65,Panią,5+ łat,Tak,Tramwaj,Kilka raz na tydzień,Do 30 min,Stare Miasto,Do uczelni,0,Tramwaj,Rzadko,Pieszo,Ilość przesiadek,Tak,Tak,Nie spóźnia się,Tak,,Nie,Tak,Efektywny,Tak,Tak,8
5/21/2023 13:17:30,,27-65,Panią,5+ łat,Tak,Tramwaj,Kilka raz na tydzień,Do 30 min,Stare Miasto,Do uczelni,0,Tramwaj,Rzadko,Pieszo,Ilość przesiadek,Tak,Tak,Nie spóźnia się,Tak,,Nie,Tak,Efektywny,Tak,Tak,7
5/21/2023 13:17:46,,27-65,Panią,5+ łat,Tak,Tramwaj,Kilka raz na tydzień,Do 30 min,Stare Miasto,Do uczelni,0,Tramwaj,Rzadko,Pieszo,Ilość przesiadek,Tak,Tak,Nie spóźnia się,Tak,,Nie,Tak,Efektywny,Tak,Tak,8
5/21/2023 13:17:52,,27-65,Panią,5+ łat,Tak,Tramwaj,Kilka raz na tydzień,Do 30 min,Stare Miasto,Do uczelni,0,Tramwaj,Rzadko,Pieszo,Ilość przesiadek,Tak,Tak,Nie spóźnia się,Tak,,Nie,Tak,Efektywny,Tak,Tak,8
5/21/2023 13:18:02,,27-65,Panią,5+ łat,Tak,Tramwaj,Kilka raz na tydzień,Do 30 min,Stare Miasto,Do uczelni,0,Tramwaj,Rzadko,Pieszo,Ilość przesiadek,Tak,Tak,Nie spóźnia się,Tak,,Nie,Tak,Efektywny,Tak,Tak,8
5/21/2023 13:18:07,,27-65,Panią,5+ łat,Tak,Tramwaj,Kilka raz na tydzień,Do 30 min,Stare Miasto,Do uczelni,0,Tramwaj,Rzadko,Pieszo,Ilość przesiadek,Tak,Tak,Nie spóźnia się,Tak,,Nie,Tak,Efektywny,Tak,Tak,8
5/21/2023 13:18:13,,27-65,Panią,5+ łat,Tak,Tramwaj,Kilka raz na tydzień,Do 30 min,Stare Miasto,Do uczelni,0,Tramwaj,Rzadko,Pieszo,Ilość przesiadek,Tak,Tak,Nie spóźnia się,Tak,,Nie,Tak,Efektywny,Tak,Tak,8
5/21/2023 13:18:18,,27-65,Panią,5+ łat,Tak,Tramwaj,Kilka raz na tydzień,Do 30 min,Stare Miasto,Do uczelni,0,Tramwaj,Rzadko,Pieszo,Ilość przesiadek,Tak,Tak,Nie spóźnia się,Tak,,Nie,Tak,Efektywny,Tak,Tak,8
5/21/2023 13:18:23,,27-65,Panią,5+ łat,Tak,Tramwaj,Kilka raz na tydzień,Do 30 min,Stare Miasto,Do uczelni,0,Tramwaj,Rzadko,Pieszo,Ilość przesiadek,Tak,Tak,Nie spóźnia się,Tak,,Nie,Tak,Efektywny,Tak,Tak,8
5/21/2023 13:18:29,,27-65,Panią,5+ łat,Tak,Tramwaj,Kilka raz na tydzień,Do 30 min,Stare Miasto,Do uczelni,0,Tramwaj,Rzadko,Pieszo,Ilość przesiadek,Tak,Tak,Nie spóźnia się,Tak,,Nie,Tak,Efektywny,Tak,Tak,8
5/21/2023 13:18:34,,27-65,Panią,5+ łat,Tak,Tramwaj,Kilka raz na tydzień,Do 30 min,Stare Miasto,Do uczelni,0,Tramwaj,Rzadko,Pieszo,Ilość przesiadek,Tak,Tak,Nie spóźnia się,Tak,,Nie,Tak,Efektywny,Tak,Tak,8
5/21/2023 13:18:39,,27-65,Panią,5+ łat,Tak,Tramwaj,Kilka raz na tydzień,Do 30 min,Stare Miasto,Do uczelni,0,Tramwaj,Rzadko,Pieszo,Ilość przesiadek,Tak,Tak,Nie spóźnia się,Tak,,Nie,Tak,Efektywny,Tak,Tak,8
5/21/2023 13:18:44,,27-65,Panią,5+ łat,Tak,Tramwaj,Kilka raz na tydzień,Do 30 min,Stare Miasto,Do uczelni,0,Tramwaj,Rzadko,Pieszo,Ilość przesiadek,Tak,Tak,Nie spóźnia się,Tak,,Nie,Tak,Efektywny,Tak,Tak,8
5/21/2023 13:18:50,,27-65,Panią,5+ łat,Tak,Tramwaj,Kilka raz na tydzień,Do 30 min,Stare Miasto,Do uczelni,0,Tramwaj,Rzadko,Pieszo,Ilość przesiadek,Tak,Tak,Nie spóźnia się,Tak,,Nie,Tak,Efektywny,Tak,Tak,8
5/21/2023 13:18:55,,27-65,Panią,5+ łat,Tak,Tramwaj,Kilka raz na tydzień,Do 30 min,Stare Miasto,Do uczelni,0,Tramwaj,Rzadko,Pieszo,Ilość przesiadek,Tak,Tak,Nie spóźnia się,Tak,,Nie,Tak,Efektywny,Tak,Tak,8
5/21/2023 13:19:00,,27-65,Panią,5+ łat,Tak,Tramwaj,Kilka raz na tydzień,Do 30 min,Stare Miasto,Do uczelni,0,Tramwaj,Rzadko,Pieszo,Ilość przesiadek,Tak,Tak,Nie spóźnia się,Tak,,Nie,Tak,Efektywny,Tak,Tak,8
5/21/2023 13:19:06,,27-65,Panią,5+ łat,Tak,Tramwaj,Kilka raz na tydzień,Do 30 min,Stare Miasto,Do uczelni,0,Tramwaj,Rzadko,Pieszo,Ilość przesiadek,Tak,Tak,Nie spóźnia się,Tak,,Nie,Tak,Efektywny,Tak,Tak,8
5/21/2023 13:21:56,,27-65,Panią,5+ łat,Tak,Tramwaj,Kilka raz na tydzień,Do 30 min,Stare Miasto,Do uczelni,0,Tramwaj,Rzadko,Pieszo,Ilość przesiadek,Tak,Tak,Nie spóźnia się,Tak,,Nie,Tak,Efektywny,Tak,Tak,7
5/21/2023 13:22:07,,27-65,Panią,5+ łat,Tak,Tramwaj,Kilka raz na tydzień,Do 30 min,Stare Miasto,Do uczelni,0,Tramwaj,Rzadko,Pieszo,Ilość przesiadek,Tak,Tak,Nie spóźnia się,Tak,,Nie,Tak,Efektywny,Tak,Tak,8
5/21/2023 13:22:12,,27-65,Panią,5+ łat,Tak,Tramwaj,Kilka raz na tydzień,Do 30 min,Stare Miasto,Do uczelni,0,Tramwaj,Rzadko,Pieszo,Ilość przesiadek,Tak,Tak,Nie spóźnia się,Tak,,Nie,Tak,Efektywny,Tak,Tak,8
5/21/2023 13:22:17,,27-65,Panią,5+ łat,Tak,Tramwaj,Kilka raz na tydzień,Do 30 min,Stare Miasto,Do uczelni,0,Tramwaj,Rzadko,Pieszo,Ilość przesiadek,Tak,Tak,Nie spóźnia się,Tak,,Nie,Tak,Efektywny,Tak,Tak,8
5/21/2023 13:22:23,,27-65,Panią,5+ łat,Tak,Tramwaj,Kilka raz na tydzień,Do 30 min,Stare Miasto,Do uczelni,0,Tramwaj,Rzadko,Pieszo,Ilość przesiadek,Tak,Tak,Nie spóźnia się,Tak,,Nie,Tak,Efektywny,Tak,Tak,8
5/21/2023 13:22:33,,27-65,Panią,5+ łat,Tak,Tramwaj,Kilka raz na tydzień,Do 30 min,Stare Miasto,Do uczelni,0,Tramwaj,Rzadko,Pieszo,Ilość przesiadek,Tak,Tak,Nie spóźnia się,Tak,,Nie,Tak,Efektywny,Tak,Tak,7
5/21/2023 13:22:39,,27-65,Panią,5+ łat,Tak,Tramwaj,Kilka raz na tydzień,Do 30 min,Stare Miasto,Do uczelni,0,Tramwaj,Rzadko,Pieszo,Ilość przesiadek,Tak,Tak,Nie spóźnia się,Tak,,Nie,Tak,Efektywny,Tak,Tak,8
5/21/2023 13:22:44,,27-65,Panią,5+ łat,Tak,Tramwaj,Kilka raz na tydzień,Do 30 min,Stare Miasto,Do uczelni,0,Tramwaj,Rzadko,Pieszo,Ilość przesiadek,Tak,Tak,Nie spóźnia się,Tak,,Nie,Tak,Efektywny,Tak,Tak,8
5/21/2023 13:22:54,,27-65,Panią,5+ łat,Tak,Tramwaj,Kilka raz na tydzień,Do 30 min,Stare Miasto,Do uczelni,0,Tramwaj,Rzadko,Pieszo,Ilość przesiadek,Tak,Tak,Nie spóźnia się,Tak,,Nie,Tak,Efektywny,Tak,Tak,8
5/21/2023 13:23:00,,27-65,Panią,5+ łat,Tak,Tramwaj,Kilka raz na tydzień,Do 30 min,Stare Miasto,Do uczelni,0,Tramwaj,Rzadko,Pieszo,Ilość przesiadek,Tak,Tak,Nie spóźnia się,Tak,,Nie,Tak,Efektywny,Tak,Tak,8
5/21/2023 13:23:10,,27-65,Panią,5+ łat,Tak,Tramwaj,Kilka raz na tydzień,Do 30 min,Stare Miasto,Do uczelni,0,Tramwaj,Rzadko,Pieszo,Ilość przesiadek,Tak,Tak,Nie spóźnia się,Tak,,Nie,Tak,Efektywny,Tak,Tak,8
5/21/2023 13:23:16,,27-65,Panią,5+ łat,Tak,Tramwaj,Kilka raz na tydzień,Do 30 min,Stare Miasto,Do uczelni,0,Tramwaj,Rzadko,Pieszo,Ilość przesiadek,Tak,Tak,Nie spóźnia się,Tak,,Nie,Tak,Efektywny,Tak,Tak,8
5/21/2023 13:23:21,,27-65,Panią,5+ łat,Tak,Tramwaj,Kilka raz na tydzień,Do 30 min,Stare Miasto,Do uczelni,0,Tramwaj,Rzadko,Pieszo,Ilość przesiadek,Tak,Tak,Nie spóźnia się,Tak,,Nie,Tak,Efektywny,Tak,Tak,8
5/21/2023 13:23:26,,27-65,Panią,5+ łat,Tak,Tramwaj,Kilka raz na tydzień,Do 30 min,Stare Miasto,Do uczelni,0,Tramwaj,Rzadko,Pieszo,Ilość przesiadek,Tak,Tak,Nie spóźnia się,Tak,,Nie,Tak,Efektywny,Tak,Tak,8
5/21/2023 13:23:32,,27-65,Panią,5+ łat,Tak,Tramwaj,Kilka raz na tydzień,Do 30 min,Stare Miasto,Do uczelni,0,Tramwaj,Rzadko,Pieszo,Ilość przesiadek,Tak,Tak,Nie spóźnia się,Tak,,Nie,Tak,Efektywny,Tak,Tak,8
5/21/2023 13:23:37,,27-65,Panią,5+ łat,Tak,Tramwaj,Kilka raz na tydzień,Do 30 min,Stare Miasto,Do uczelni,0,Tramwaj,Rzadko,Pieszo,Ilość przesiadek,Tak,Tak,Nie spóźnia się,Tak,,Nie,Tak,Efektywny,Tak,Tak,8
5/21/2023 13:23:42,,27-65,Panią,5+ łat,Tak,Tramwaj,Kilka raz na tydzień,Do 30 min,Stare Miasto,Do uczelni,0,Tramwaj,Rzadko,Pieszo,Ilość przesiadek,Tak,Tak,Nie spóźnia się,Tak,,Nie,Tak,Efektywny,Tak,Tak,8
5/21/2023 13:23:48,,27-65,Panią,5+ łat,Tak,Tramwaj,Kilka raz na tydzień,Do 30 min,Stare Miasto,Do uczelni,0,Tramwaj,Rzadko,Pieszo,Ilość przesiadek,Tak,Tak,Nie spóźnia się,Tak,,Nie,Tak,Efektywny,Tak,Tak,8
5/21/2023 14:06:24,,<18,Panem,1 - 5 łat,Tak,Autobus,2 razy w dzień,Do 30 min,Grzegórzkie,Do uczelni,0,Autobus,Nigdy,Taksówka,Ilość przesiadek,,Tak,< 5 min,Tak,,Tak,Tak,Bardzo efektywny,Tak,Nie. Używam go bardzo często,6
5/21/2023 14:07:13,,65+,Panią,< 1 roku,Tak,Tramwaj,2-4 razy w dzień,Około godziny,Grzegórzkie,Do uczelni,0,Tramwaj,Rzadko,Rower,Czas podróży,Tak,Nie,Nie spóźnia się,Tak,,Tak,Tak,Efektywny,Tak,Tak,6
5/21/2023 14:08:50,,65+,Panem,1 - 5 łat,Tak,Tramwaj,Kilka raz na miesiąc,Do 30 min,Grzegórzkie,Do uczelni,0,Tramwaj,Nigdy,Rower,Czas podróży,Tak,Tak,Nie spóźnia się,Tak,,Tak,Tak,Nie wiem bo nie jeżdżę tym,Tak,Tak,6
5/21/2023 14:09:40,,65+,Panią,1 - 5 łat,Tak,Autobus,Więcej niż 4 razy w dzień,Więcej niż godzina,Grzegórzkie,Do uczelni,0,Tramwaj,Nigdy,Hulajnoga,Czas podróży,Nie,Nie,> 5 min,Tak,,Tak,Tak,Nie efektywny,Tak,Tak,5
5/21/2023 14:10:26,,18-26,Panią,1 - 5 łat,Tak,,,,Grzegórzkie,Do uczelni,,,,,,,,,,,,,,,,5
5/21/2023 14:13:53,,18-26,Panią,5+ łat,Tak,,,,Grzegórzkie,Do pracy,0,,,,,,,,,,,,,,,6
5/21/2023 14:14:34,,27-65,Panią,< 1 roku,Tak,,,,Grzegórzkie,Do pracy,,,,,,,,,,,,,,,,5
5/21/2023 14:15:08,,18-26,Panem,1 - 5 łat,Tak,Tramwaj,,,Podgórze,Do pracy,,,,,,,,,,,,,,,,6
5/21/2023 14:16:41,,27-65,Panem,< 1 roku,Tak,Tramwaj,Kilka raz na miesiąc,,Grzegórzkie,Do pracy,,,,,,,,,,,,,Efektywny,,,5
5/21/2023 14:17:37,,27-65,Panią,< 1 roku,Tak,,,,Grzegórzkie,Do pracy,,,,,,,,,,,,,,,,5
5/21/2023 14:18:24,,18-26,Panem,1 - 5 łat,Tak,Autobus,,,Grzegórzkie,Do pracy,,,,,,,,,,,,,,,,6
5/21/2023 14:19:43,,18-26,Panią,1 - 5 łat,Tak,Tramwaj,Kilka raz na tydzień,Około godziny,Grzegórzkie,Do pracy,0,,Rzadko,Hulajnoga,Komfort pojazdu,Tak,Tak,Nie spóźnia się,Tak,,Tak,Tak,Efektywny,Tak,Tak,6
5/21/2023 14:20:38,,<18,Panią,1 - 5 łat,Tak,Autobus,2 razy w dzień,Do 30 min,Grzegórzkie,Do pracy,0,Tramwaj,Często,Taksówka,Ilość przesiadek,Nie,Nie,Nie spóźnia się,Tak,,Tak,Tak,Nie wiem bo nie jeżdżę tym,Tak,Tak,5
5/21/2023 14:21:42,,18-26,Panią,5+ łat,Tak,Tramwaj,Kilka raz na tydzień,Około godziny,Grzegórzkie,Do pracy,,,,,,,,,,,,,,,,6
5/21/2023 14:22:31,,27-65,Panią,1 - 5 łat,Tak,Tramwaj,2-4 razy w dzień,Około godziny,Grzegórzkie,Do pracy,0,Tramwaj,Rzadko,Rower,Cena,Tak,Tak,Nie spóźnia się,Tak,,Tak,Tak,Efektywny,Tak,Nie. Używam go bardzo często,6
5/21/2023 14:23:50,,18-26,Panem,1 - 5 łat,Tak,Tramwaj,2 razy w dzień,Do 30 min,Grzegórzkie,"Do pracy, Na zakupy, Inne",0,Autobus,Nigdy,Pieszo,Ilość przesiadek,Tak,Tak,Nie spóźnia się,Tak,,Tak,Tak,Efektywny,Tak,Tak,6
5/21/2023 14:25:07,,18-26,Panem,1 - 5 łat,Tak,,Kilka raz na tydzień,Do 30 min,Grzegórzkie,"Do pracy, Na zakupy",1,Tramwaj,Często,Taksówka,Czas podróży,Tak,Tak,Nie spóźnia się,Tak,,Tak,Nie,Nie efektywny,Tak,Tak,6
5/21/2023 14:32:14,,18-26,Panią,1 - 5 łat,Tak,,,,Grzegórzkie,Do pracy,,,,,,,,,,,,,,,,6
5/21/2023 14:37:50,,27-65,Panem,5+ łat,Tak,Autobus,Kilka raz na tydzień,Do 30 min,Grzegórzkie,Do pracy,,Tramwaj,Często,,Cena,Tak,Nie,Nie spóźnia się,Tak,,Tak,Nie,Efektywny,Nie,Nie. Używam go bardzo często,5
5/21/2023 14:38:45,,18-26,Panem,< 1 roku,Tak,Autobus,Kilka raz na tydzień,Około godziny,Grzegórzkie,Do pracy,0,Tramwaj,Rzadko,Rower,Czas podróży,Nie,,Nie spóźnia się,Tak,,Tak,Tak,Nie efektywny,Nie,Tak,6
5/21/2023 14:43:13,,18-26,Panią,1 - 5 łat,Tak,Autobus,2-4 razy w dzień,Około godziny,Grzegórzkie,Do pracy,0,,Rzadko,Pieszo,Ilość przesiadek,Tak,,< 5 min,Tak,,Nie,Tak,Nie wiem bo nie jeżdżę tym,Tak,,5
5/21/2023 14:45:51,,18-26,Panią,< 1 roku,Tak,,Kilka raz na miesiąc,,Grzegórzkie,Do pracy,,,,,,,,,,,,,,,,6
5/21/2023 14:47:08,,18-26,Panią,1 - 5 łat,Tak,Autobus,2-4 razy w dzień,Do 30 min,Grzegórzkie,Do pracy,0,Autobus,Bardzo często,Rower,Czas podróży,Tak,Tak,Nie spóźnia się,Tak,,Tak,Nie,Nie efektywny,Tak,Tak,5
5/21/2023 14:48:50,,18-26,Panią,1 - 5 łat,Tak,,,,Grzegórzkie,"Do pracy, Na zakupy",0,,,,,,,,,,,,Nie wiem bo nie jeżdżę tym,Nie,Nie. Używam go bardzo często,6
5/21/2023 14:51:06,,18-26,Panią,1 - 5 łat,Nie(Pan/Pani może skończyć test),Tramwaj,Kilka raz na miesiąc,Około godziny,Grzegórzkie,Do pracy,0,Autobus,Nigdy,Rower,Cena,Tak,Nie,Nie spóźnia się,Tak,,Tak,Nie,Nie efektywny,Tak,Tak,5
5/21/2023 14:52:07,,18-26,Panią,< 1 roku,Tak,Autobus,2 razy w dzień,Około godziny,Grzegórzkie,Do pracy,0,,Rzadko,Hulajnoga,Komfort pojazdu,Tak,Tak,Nie spóźnia się,Nie,,Tak,Tak,Nie efektywny,Tak,,6
5/21/2023 14:53:20,,27-65,Panią,5+ łat,Tak,Autobus,Kilka raz na miesiąc,Do 30 min,Grzegórzkie,Do pracy,1,Tramwaj,Rzadko,Rower,Czas podróży,Nie,Tak,Nie spóźnia się,Tak,,Tak,Nie,Nie efektywny,Tak,Tak,6
5/21/2023 14:54:51,,27-65,Panią,< 1 roku,Tak,Autobus,Kilka raz na miesiąc,Około godziny,Grzegórzkie,Do pracy,1,Tramwaj,Rzadko,Taksówka,Czas podróży,Tak,Nie,< 5 min,Tak,,Nie,Tak,Efektywny,Tak,Tak,5
5/21/2023 14:56:16,,18-26,Panią,5+ łat,Tak,Tramwaj,Kilka raz na miesiąc,Do 30 min,Grzegórzkie,Do pracy,0,Tramwaj,Często,Hulajnoga,Ilość przesiadek,Nie,Tak,Nie spóźnia się,Tak,,Nie,Tak,Bardzo efektywny,Tak,Tak,5
5/21/2023 14:59:37,,18-26,Panią,1 - 5 łat,Tak,Autobus,Kilka raz na tydzień,Do 30 min,Grzegórzkie,Do pracy,0,Tramwaj,Często,Hulajnoga,Ilość przesiadek,Tak,Nie,Nie spóźnia się,Tak,,Tak,Tak,Bardzo efektywny,Nie,Nie. Używam go bardzo często,6
5/21/2023 15:06:58,,18-26,Panią,1 - 5 łat,Tak,Tramwaj,2 razy w dzień,Około godziny,Grzegórzkie,Do pracy,0,Tramwaj,,,,,,Nie spóźnia się,Tak,,Tak,Nie,Efektywny,Nie,Tak,6
5/21/2023 15:09:59,,18-26,Panią,1 - 5 łat,Tak,Tramwaj,2 razy w dzień,Około godziny,Grzegórzkie,Do pracy,1,Tramwaj,Często,Rower,Cena,Tak,Tak,Nie spóźnia się,Tak,,Tak,Nie,Efektywny,Nie,Nie. Używam go bardzo często,6
5/21/2023 15:15:30,,18-26,Panią,< 1 roku,Tak,Autobus,Kilka raz na tydzień,Do 30 min,Grzegórzkie,Do pracy,1,Tramwaj,Rzadko,Taksówka,Czas podróży,Nie,Tak,Nie spóźnia się,Tak,,Tak,,Efektywny,Nie,Nie. Używam go bardzo często,6
5/21/2023 15:19:37,,27-65,Panią,5+ łat,Tak,Tramwaj,Kilka raz na tydzień,Około godziny,Grzegórzkie,Do pracy,0,Autobus,Często,Rower,Czas podróży,Tak,Tak,Nie spóźnia się,Tak,,,Nie,Nie efektywny,Nie,Nie. Używam go bardzo często,5
5/21/2023 15:21:27,,18-26,Panem,1 - 5 łat,Tak,Tramwaj,2 razy w dzień,Do 30 min,Grzegórzkie,Do pracy,0,Tramwaj,Często,Pieszo,Czas podróży,Nie,Tak,Nie spóźnia się,Tak,,Tak,Nie,Efektywny,Tak,Nie. Używam go bardzo często,5
5/21/2023 15:22:43,,<18,Panią,< 1 roku,Tak,Tramwaj,Kilka raz na tydzień,Mniej niż 15 min,Grzegórzkie,Do pracy,1,Autobus,,Taksówka,,Tak,Tak,Nie spóźnia się,Tak,,Nie,Tak,Efektywny,Tak,Tak,6
5/21/2023 15:24:20,,18-26,Panem,5+ łat,Tak,Tramwaj,2 razy w dzień,Do 30 min,Grzegórzkie,Do pracy,0,Tramwaj,Rzadko,Hulajnoga,Ilość przesiadek,Nie,Tak,Nie spóźnia się,Tak,,Nie,Tak,Efektywny,Tak,Tak,5
5/21/2023 15:29:03,,27-65,Panem,1 - 5 łat,Tak,Autobus,2-4 razy w dzień,Do 30 min,Grzegórzkie,"Do pracy, Na zakupy",0,Autobus,Często,Rower,Czas podróży,Nie,Nie,Nie spóźnia się,Tak,,Tak,Tak,Nie efektywny,Tak,Tak,6
5/21/2023 15:31:45,,18-26,Panem,1 - 5 łat,Tak,Autobus,2-4 razy w dzień,Około godziny,Grzegórzkie,Do pracy,0,Tramwaj,Rzadko,Rower,Komfort pojazdu,Tak,Nie,Nie spóźnia się,Tak,,Nie,Nie,Efektywny,Tak,Tak,5
5/21/2023 15:32:35,,18-26,Panem,1 - 5 łat,Tak,Tramwaj,Kilka raz na tydzień,Do 30 min,Grzegórzkie,Do pracy,1,,,,,,,,,,,,,,,6
5/21/2023 15:33:17,,27-65,Panem,1 - 5 łat,Tak,Tramwaj,,,Grzegórzkie,Do pracy,,Tramwaj,Rzadko,,,,,,,,Tak,,,,Nie. Używam go bardzo często,5
5/21/2023 15:35:13,,27-65,Panią,1 - 5 łat,Tak,Tramwaj,2 razy w dzień,Do 30 min,Grzegórzkie,Do pracy,0,Tramwaj,Nigdy,Rower,Ilość przesiadek,,Tak,Nie spóźnia się,Tak,,Nie,Tak,Efektywny,Nie,Nie. Używam go bardzo często,6
5/21/2023 15:36:13,,65+,Panem,1 - 5 łat,Tak,Tramwaj,2 razy w dzień,Do 30 min,Grzegórzkie,Do pracy,0,Tramwaj,Często,Rower,,,,Nie spóźnia się,Tak,,Nie,Tak,Efektywny,Nie,Tak,5
5/21/2023 15:48:26,,18-26,Panią,< 1 roku,Tak,Autobus,Kilka raz na tydzień,Do 30 min,Grzegórzkie,Do pracy,0,Tramwaj,Rzadko,Rower,Czas podróży,Nie,Nie,Nie spóźnia się,Nie,,Tak,Nie,Efektywny,Nie,Tak,6
5/21/2023 15:49:41,,65+,Panią,1 - 5 łat,Tak,Tramwaj,Kilka raz na tydzień,Około godziny,Grzegórzkie,Do pracy,1,Tramwaj,Rzadko,Hulajnoga,Czas podróży,Tak,Tak,Nie spóźnia się,Nie,,Nie,Tak,Bardzo efektywny,Tak,Tak,5
5/21/2023 15:50:55,,27-65,Panią,1 - 5 łat,Tak,Autobus,2 razy w dzień,Około godziny,Grzegórzkie,Do pracy,0,Tramwaj,Rzadko,Rower,Czas podróży,Nie,Tak,Nie spóźnia się,Tak,,Tak,Tak,Nie efektywny,Nie,Tak,6
5/21/2023 15:52:24,,18-26,Panem,1 - 5 łat,Tak,Tramwaj,2-4 razy w dzień,Mniej niż 15 min,Grzegórzkie,Do pracy,0,Tramwaj,Często,Hulajnoga,Komfort pojazdu,Tak,Nie,Nie spóźnia się,Tak,,Tak,Tak,Efektywny,Tak,Nie. Używam go bardzo często,5
5/21/2023 15:54:10,,27-65,Panią,1 - 5 łat,Tak,Autobus,2 razy w dzień,Do 30 min,Grzegórzkie,"Do pracy, Inne",0,Tramwaj,Bardzo często,,,,,,,,,,,Nie,Nie. Używam go bardzo często,6
5/21/2023 15:55:41,,18-26,Panem,1 - 5 łat,Tak,Autobus,2 razy w dzień,Do 30 min,Grzegórzkie,Do pracy,0,Tramwaj,Rzadko,Taksówka,Czas podróży,Tak,Nie,Nie spóźnia się,Tak,,Tak,,Bardzo efektywny,Tak,Nie. Używam go bardzo często,5
5/21/2023 16:03:55,,18-26,Panią,< 1 roku,Tak,Autobus,Kilka raz na tydzień,Do 30 min,Grzegórzkie,Do pracy,1,Autobus,Rzadko,Rower,Czas podróży,Nie,Tak,Nie spóźnia się,Tak,,Tak,Tak,Efektywny,Nie,Tak,5
5/21/2023 16:04:25,,18-26,Panią,1 - 5 łat,Tak,,,,Grzegórzkie,Do pracy,0,,,,,,,,,,,,,,,5
5/21/2023 16:05:09,,18-26,Panem,1 - 5 łat,Tak,Autobus,Kilka raz na miesiąc,,Grzegórzkie,Do pracy,0,,,Hulajnoga,Czas podróży,,,,Tak,,Tak,,,,,5
5/21/2023 16:05:42,,<18,Panem,,Tak,Tramwaj,Kilka raz na miesiąc,Do 30 min,Grzegórzkie,Do pracy,0,,,,,,,,,,,,,,,6
5/21/2023 16:06:45,,18-26,Panem,< 1 roku,Tak,,,,Grzegórzkie,Do pracy,0,Tramwaj,,,,,,,,,,,,,,6
5/21/2023 16:09:11,,18-26,Panem,< 1 roku,Tak,,,Do 30 min,Stare Miasto,Do pracy,,,,,,,,,,,,,,,,7
5/21/2023 16:10:23,,<18,Panią,1 - 5 łat,Tak,,,Do 30 min,Grzegórzkie,Do pracy,,,,,,,,,,,,,,,,7
5/21/2023 16:11:12,,18-26,Panem,< 1 roku,Tak,,Kilka raz na tydzień,,Grzegórzkie,Do pracy,,,,,,,,,,,,,,,Nie. Używam go bardzo często,8
5/21/2023 16:11:42,,27-65,Panią,< 1 roku,Tak,Autobus,Kilka raz na tydzień,,Grzegórzkie,Do pracy,,,Rzadko,Taksówka,,,,,,,,,,,Nie. Używam go bardzo często,8
5/21/2023 16:13:57,,18-26,Panią,5+ łat,Tak,Tramwaj,2-4 razy w dzień,Do 30 min,Grzegórzkie,Do pracy,,,,,,,,,,,,,,,,8
5/21/2023 16:14:25,,18-26,Panem,1 - 5 łat,Tak,,,,Dębniki,Do pracy,,,,,,,,,,,,,,,,7
5/21/2023 16:17:17,,18-26,Panią,< 1 roku,Tak,,2 razy w dzień,Do 30 min,Podgórze,Do pracy,,,,Rower,Cena,,,> 5 min,Nie,,,,,,,7
